,0,1,2,3,4,5,6,7,8,9,10,11,12,13,14
hands,1.0,1.0,1.0,1.0,1.0,1.0,1.0,1.0,1.0,1.0,1.0,1.0,1.0,1.0,1.0
fingers,5.0,5.0,5.0,5.0,5.0,5.0,5.0,5.0,5.0,5.0,5.0,5.0,5.0,5.0,5.0
L.hand.palm_position_x,0.0,0.0,0.0,0.0,0.0,0.0,0.0,0.0,0.0,0.0,0.0,0.0,0.0,0.0,0.0
L.hand.palm_position_y,0.0,0.0,0.0,0.0,0.0,0.0,0.0,0.0,0.0,0.0,0.0,0.0,0.0,0.0,0.0
L.hand.palm_position_z,0.0,0.0,0.0,0.0,0.0,0.0,0.0,0.0,0.0,0.0,0.0,0.0,0.0,0.0,0.0
L.pitch,0.0,0.0,0.0,0.0,0.0,0.0,0.0,0.0,0.0,0.0,0.0,0.0,0.0,0.0,0.0
L.roll,0.0,0.0,0.0,0.0,0.0,0.0,0.0,0.0,0.0,0.0,0.0,0.0,0.0,0.0,0.0
L.yaw,0.0,0.0,0.0,0.0,0.0,0.0,0.0,0.0,0.0,0.0,0.0,0.0,0.0,0.0,0.0
L.Arm direction_x,0.0,0.0,0.0,0.0,0.0,0.0,0.0,0.0,0.0,0.0,0.0,0.0,0.0,0.0,0.0
L.Arm direction_y,0.0,0.0,0.0,0.0,0.0,0.0,0.0,0.0,0.0,0.0,0.0,0.0,0.0,0.0,0.0
L.Arm direction_z,0.0,0.0,0.0,0.0,0.0,0.0,0.0,0.0,0.0,0.0,0.0,0.0,0.0,0.0,0.0
L.wrist position_x,0.0,0.0,0.0,0.0,0.0,0.0,0.0,0.0,0.0,0.0,0.0,0.0,0.0,0.0,0.0
L.wrist position_y,0.0,0.0,0.0,0.0,0.0,0.0,0.0,0.0,0.0,0.0,0.0,0.0,0.0,0.0,0.0
L.wrist position_z,0.0,0.0,0.0,0.0,0.0,0.0,0.0,0.0,0.0,0.0,0.0,0.0,0.0,0.0,0.0
L.elbow position_x,0.0,0.0,0.0,0.0,0.0,0.0,0.0,0.0,0.0,0.0,0.0,0.0,0.0,0.0,0.0
L.elbow position_y,0.0,0.0,0.0,0.0,0.0,0.0,0.0,0.0,0.0,0.0,0.0,0.0,0.0,0.0,0.0
L.elbow position_z,0.0,0.0,0.0,0.0,0.0,0.0,0.0,0.0,0.0,0.0,0.0,0.0,0.0,0.0,0.0
L.Thumb_M_s_x,0.0,0.0,0.0,0.0,0.0,0.0,0.0,0.0,0.0,0.0,0.0,0.0,0.0,0.0,0.0
L.Thumb_M_s_y,0.0,0.0,0.0,0.0,0.0,0.0,0.0,0.0,0.0,0.0,0.0,0.0,0.0,0.0,0.0
L.Thumb_M_s_z,0.0,0.0,0.0,0.0,0.0,0.0,0.0,0.0,0.0,0.0,0.0,0.0,0.0,0.0,0.0
L.Thumb_M_e_x,0.0,0.0,0.0,0.0,0.0,0.0,0.0,0.0,0.0,0.0,0.0,0.0,0.0,0.0,0.0
L.Thumb_M_e_y,0.0,0.0,0.0,0.0,0.0,0.0,0.0,0.0,0.0,0.0,0.0,0.0,0.0,0.0,0.0
L.Thumb_M_e_z,0.0,0.0,0.0,0.0,0.0,0.0,0.0,0.0,0.0,0.0,0.0,0.0,0.0,0.0,0.0
L.Thumb_M_d_x,0.0,0.0,0.0,0.0,0.0,0.0,0.0,0.0,0.0,0.0,0.0,0.0,0.0,0.0,0.0
L.Thumb_M_d_y,0.0,0.0,0.0,0.0,0.0,0.0,0.0,0.0,0.0,0.0,0.0,0.0,0.0,0.0,0.0
L.Thumb_M_d_z,0.0,0.0,0.0,0.0,0.0,0.0,0.0,0.0,0.0,0.0,0.0,0.0,0.0,0.0,0.0
L.Thumb_P_s_x,0.0,0.0,0.0,0.0,0.0,0.0,0.0,0.0,0.0,0.0,0.0,0.0,0.0,0.0,0.0
L.Thumb_P_s_y,0.0,0.0,0.0,0.0,0.0,0.0,0.0,0.0,0.0,0.0,0.0,0.0,0.0,0.0,0.0
L.Thumb_P_s_z,0.0,0.0,0.0,0.0,0.0,0.0,0.0,0.0,0.0,0.0,0.0,0.0,0.0,0.0,0.0
L.Thumb_P_e_x,0.0,0.0,0.0,0.0,0.0,0.0,0.0,0.0,0.0,0.0,0.0,0.0,0.0,0.0,0.0
L.Thumb_P_e_y,0.0,0.0,0.0,0.0,0.0,0.0,0.0,0.0,0.0,0.0,0.0,0.0,0.0,0.0,0.0
L.Thumb_P_e_z,0.0,0.0,0.0,0.0,0.0,0.0,0.0,0.0,0.0,0.0,0.0,0.0,0.0,0.0,0.0
L.Thumb_P_d_x,0.0,0.0,0.0,0.0,0.0,0.0,0.0,0.0,0.0,0.0,0.0,0.0,0.0,0.0,0.0
L.Thumb_P_d_y,0.0,0.0,0.0,0.0,0.0,0.0,0.0,0.0,0.0,0.0,0.0,0.0,0.0,0.0,0.0
L.Thumb_P_d_z,0.0,0.0,0.0,0.0,0.0,0.0,0.0,0.0,0.0,0.0,0.0,0.0,0.0,0.0,0.0
L.Thumb_I_s_x,0.0,0.0,0.0,0.0,0.0,0.0,0.0,0.0,0.0,0.0,0.0,0.0,0.0,0.0,0.0
L.Thumb_I_s_y,0.0,0.0,0.0,0.0,0.0,0.0,0.0,0.0,0.0,0.0,0.0,0.0,0.0,0.0,0.0
L.Thumb_I_s_z,0.0,0.0,0.0,0.0,0.0,0.0,0.0,0.0,0.0,0.0,0.0,0.0,0.0,0.0,0.0
L.Thumb_I_e_x,0.0,0.0,0.0,0.0,0.0,0.0,0.0,0.0,0.0,0.0,0.0,0.0,0.0,0.0,0.0
L.Thumb_I_e_y,0.0,0.0,0.0,0.0,0.0,0.0,0.0,0.0,0.0,0.0,0.0,0.0,0.0,0.0,0.0
L.Thumb_I_e_z,0.0,0.0,0.0,0.0,0.0,0.0,0.0,0.0,0.0,0.0,0.0,0.0,0.0,0.0,0.0
L.Thumb_I_d_x,0.0,0.0,0.0,0.0,0.0,0.0,0.0,0.0,0.0,0.0,0.0,0.0,0.0,0.0,0.0
L.Thumb_I_d_y,0.0,0.0,0.0,0.0,0.0,0.0,0.0,0.0,0.0,0.0,0.0,0.0,0.0,0.0,0.0
L.Thumb_I_d_z,0.0,0.0,0.0,0.0,0.0,0.0,0.0,0.0,0.0,0.0,0.0,0.0,0.0,0.0,0.0
L.Thumb_D_s_x,0.0,0.0,0.0,0.0,0.0,0.0,0.0,0.0,0.0,0.0,0.0,0.0,0.0,0.0,0.0
L.Thumb_D_s_y,0.0,0.0,0.0,0.0,0.0,0.0,0.0,0.0,0.0,0.0,0.0,0.0,0.0,0.0,0.0
L.Thumb_D_s_z,0.0,0.0,0.0,0.0,0.0,0.0,0.0,0.0,0.0,0.0,0.0,0.0,0.0,0.0,0.0
L.Thumb_D_e_x,0.0,0.0,0.0,0.0,0.0,0.0,0.0,0.0,0.0,0.0,0.0,0.0,0.0,0.0,0.0
L.Thumb_D_e_y,0.0,0.0,0.0,0.0,0.0,0.0,0.0,0.0,0.0,0.0,0.0,0.0,0.0,0.0,0.0
L.Thumb_D_e_z,0.0,0.0,0.0,0.0,0.0,0.0,0.0,0.0,0.0,0.0,0.0,0.0,0.0,0.0,0.0
L.Thumb_D_d_x,0.0,0.0,0.0,0.0,0.0,0.0,0.0,0.0,0.0,0.0,0.0,0.0,0.0,0.0,0.0
L.Thumb_D_d_y,0.0,0.0,0.0,0.0,0.0,0.0,0.0,0.0,0.0,0.0,0.0,0.0,0.0,0.0,0.0
L.Thumb_D_d_z,0.0,0.0,0.0,0.0,0.0,0.0,0.0,0.0,0.0,0.0,0.0,0.0,0.0,0.0,0.0
L.Index_M_s_x,0.0,0.0,0.0,0.0,0.0,0.0,0.0,0.0,0.0,0.0,0.0,0.0,0.0,0.0,0.0
L.Index_M_s_y,0.0,0.0,0.0,0.0,0.0,0.0,0.0,0.0,0.0,0.0,0.0,0.0,0.0,0.0,0.0
L.Index_M_s_z,0.0,0.0,0.0,0.0,0.0,0.0,0.0,0.0,0.0,0.0,0.0,0.0,0.0,0.0,0.0
L.Index_M_e_x,0.0,0.0,0.0,0.0,0.0,0.0,0.0,0.0,0.0,0.0,0.0,0.0,0.0,0.0,0.0
L.Index_M_e_y,0.0,0.0,0.0,0.0,0.0,0.0,0.0,0.0,0.0,0.0,0.0,0.0,0.0,0.0,0.0
L.Index_M_e_z,0.0,0.0,0.0,0.0,0.0,0.0,0.0,0.0,0.0,0.0,0.0,0.0,0.0,0.0,0.0
L.Index_M_d_x,0.0,0.0,0.0,0.0,0.0,0.0,0.0,0.0,0.0,0.0,0.0,0.0,0.0,0.0,0.0
L.Index_M_d_y,0.0,0.0,0.0,0.0,0.0,0.0,0.0,0.0,0.0,0.0,0.0,0.0,0.0,0.0,0.0
L.Index_M_d_z,0.0,0.0,0.0,0.0,0.0,0.0,0.0,0.0,0.0,0.0,0.0,0.0,0.0,0.0,0.0
L.Index_P_s_x,0.0,0.0,0.0,0.0,0.0,0.0,0.0,0.0,0.0,0.0,0.0,0.0,0.0,0.0,0.0
L.Index_P_s_y,0.0,0.0,0.0,0.0,0.0,0.0,0.0,0.0,0.0,0.0,0.0,0.0,0.0,0.0,0.0
L.Index_P_s_z,0.0,0.0,0.0,0.0,0.0,0.0,0.0,0.0,0.0,0.0,0.0,0.0,0.0,0.0,0.0
L.Index_P_e_x,0.0,0.0,0.0,0.0,0.0,0.0,0.0,0.0,0.0,0.0,0.0,0.0,0.0,0.0,0.0
L.Index_P_e_y,0.0,0.0,0.0,0.0,0.0,0.0,0.0,0.0,0.0,0.0,0.0,0.0,0.0,0.0,0.0
L.Index_P_e_z,0.0,0.0,0.0,0.0,0.0,0.0,0.0,0.0,0.0,0.0,0.0,0.0,0.0,0.0,0.0
L.Index_P_d_x,0.0,0.0,0.0,0.0,0.0,0.0,0.0,0.0,0.0,0.0,0.0,0.0,0.0,0.0,0.0
L.Index_P_d_y,0.0,0.0,0.0,0.0,0.0,0.0,0.0,0.0,0.0,0.0,0.0,0.0,0.0,0.0,0.0
L.Index_P_d_z,0.0,0.0,0.0,0.0,0.0,0.0,0.0,0.0,0.0,0.0,0.0,0.0,0.0,0.0,0.0
L.Index_I_s_x,0.0,0.0,0.0,0.0,0.0,0.0,0.0,0.0,0.0,0.0,0.0,0.0,0.0,0.0,0.0
L.Index_I_s_y,0.0,0.0,0.0,0.0,0.0,0.0,0.0,0.0,0.0,0.0,0.0,0.0,0.0,0.0,0.0
L.Index_I_s_z,0.0,0.0,0.0,0.0,0.0,0.0,0.0,0.0,0.0,0.0,0.0,0.0,0.0,0.0,0.0
L.Index_I_e_x,0.0,0.0,0.0,0.0,0.0,0.0,0.0,0.0,0.0,0.0,0.0,0.0,0.0,0.0,0.0
L.Index_I_e_y,0.0,0.0,0.0,0.0,0.0,0.0,0.0,0.0,0.0,0.0,0.0,0.0,0.0,0.0,0.0
L.Index_I_e_z,0.0,0.0,0.0,0.0,0.0,0.0,0.0,0.0,0.0,0.0,0.0,0.0,0.0,0.0,0.0
L.Index_I_d_x,0.0,0.0,0.0,0.0,0.0,0.0,0.0,0.0,0.0,0.0,0.0,0.0,0.0,0.0,0.0
L.Index_I_d_y,0.0,0.0,0.0,0.0,0.0,0.0,0.0,0.0,0.0,0.0,0.0,0.0,0.0,0.0,0.0
L.Index_I_d_z,0.0,0.0,0.0,0.0,0.0,0.0,0.0,0.0,0.0,0.0,0.0,0.0,0.0,0.0,0.0
L.Index_D_s_x,0.0,0.0,0.0,0.0,0.0,0.0,0.0,0.0,0.0,0.0,0.0,0.0,0.0,0.0,0.0
L.Index_D_s_y,0.0,0.0,0.0,0.0,0.0,0.0,0.0,0.0,0.0,0.0,0.0,0.0,0.0,0.0,0.0
L.Index_D_s_z,0.0,0.0,0.0,0.0,0.0,0.0,0.0,0.0,0.0,0.0,0.0,0.0,0.0,0.0,0.0
L.Index_D_e_x,0.0,0.0,0.0,0.0,0.0,0.0,0.0,0.0,0.0,0.0,0.0,0.0,0.0,0.0,0.0
L.Index_D_e_y,0.0,0.0,0.0,0.0,0.0,0.0,0.0,0.0,0.0,0.0,0.0,0.0,0.0,0.0,0.0
L.Index_D_e_z,0.0,0.0,0.0,0.0,0.0,0.0,0.0,0.0,0.0,0.0,0.0,0.0,0.0,0.0,0.0
L.Index_D_d_x,0.0,0.0,0.0,0.0,0.0,0.0,0.0,0.0,0.0,0.0,0.0,0.0,0.0,0.0,0.0
L.Index_D_d_y,0.0,0.0,0.0,0.0,0.0,0.0,0.0,0.0,0.0,0.0,0.0,0.0,0.0,0.0,0.0
L.Index_D_d_z,0.0,0.0,0.0,0.0,0.0,0.0,0.0,0.0,0.0,0.0,0.0,0.0,0.0,0.0,0.0
L.Middle_M_s_x,0.0,0.0,0.0,0.0,0.0,0.0,0.0,0.0,0.0,0.0,0.0,0.0,0.0,0.0,0.0
L.Middle_M_s_y,0.0,0.0,0.0,0.0,0.0,0.0,0.0,0.0,0.0,0.0,0.0,0.0,0.0,0.0,0.0
L.Middle_M_s_z,0.0,0.0,0.0,0.0,0.0,0.0,0.0,0.0,0.0,0.0,0.0,0.0,0.0,0.0,0.0
L.Middle_M_e_x,0.0,0.0,0.0,0.0,0.0,0.0,0.0,0.0,0.0,0.0,0.0,0.0,0.0,0.0,0.0
L.Middle_M_e_y,0.0,0.0,0.0,0.0,0.0,0.0,0.0,0.0,0.0,0.0,0.0,0.0,0.0,0.0,0.0
L.Middle_M_e_z,0.0,0.0,0.0,0.0,0.0,0.0,0.0,0.0,0.0,0.0,0.0,0.0,0.0,0.0,0.0
L.Middle_M_d_x,0.0,0.0,0.0,0.0,0.0,0.0,0.0,0.0,0.0,0.0,0.0,0.0,0.0,0.0,0.0
L.Middle_M_d_y,0.0,0.0,0.0,0.0,0.0,0.0,0.0,0.0,0.0,0.0,0.0,0.0,0.0,0.0,0.0
L.Middle_M_d_z,0.0,0.0,0.0,0.0,0.0,0.0,0.0,0.0,0.0,0.0,0.0,0.0,0.0,0.0,0.0
L.Middle_P_s_x,0.0,0.0,0.0,0.0,0.0,0.0,0.0,0.0,0.0,0.0,0.0,0.0,0.0,0.0,0.0
L.Middle_P_s_y,0.0,0.0,0.0,0.0,0.0,0.0,0.0,0.0,0.0,0.0,0.0,0.0,0.0,0.0,0.0
L.Middle_P_s_z,0.0,0.0,0.0,0.0,0.0,0.0,0.0,0.0,0.0,0.0,0.0,0.0,0.0,0.0,0.0
L.Middle_P_e_x,0.0,0.0,0.0,0.0,0.0,0.0,0.0,0.0,0.0,0.0,0.0,0.0,0.0,0.0,0.0
L.Middle_P_e_y,0.0,0.0,0.0,0.0,0.0,0.0,0.0,0.0,0.0,0.0,0.0,0.0,0.0,0.0,0.0
L.Middle_P_e_z,0.0,0.0,0.0,0.0,0.0,0.0,0.0,0.0,0.0,0.0,0.0,0.0,0.0,0.0,0.0
L.Middle_P_d_x,0.0,0.0,0.0,0.0,0.0,0.0,0.0,0.0,0.0,0.0,0.0,0.0,0.0,0.0,0.0
L.Middle_P_d_y,0.0,0.0,0.0,0.0,0.0,0.0,0.0,0.0,0.0,0.0,0.0,0.0,0.0,0.0,0.0
L.Middle_P_d_z,0.0,0.0,0.0,0.0,0.0,0.0,0.0,0.0,0.0,0.0,0.0,0.0,0.0,0.0,0.0
L.Middle_I_s_x,0.0,0.0,0.0,0.0,0.0,0.0,0.0,0.0,0.0,0.0,0.0,0.0,0.0,0.0,0.0
L.Middle_I_s_y,0.0,0.0,0.0,0.0,0.0,0.0,0.0,0.0,0.0,0.0,0.0,0.0,0.0,0.0,0.0
L.Middle_I_s_z,0.0,0.0,0.0,0.0,0.0,0.0,0.0,0.0,0.0,0.0,0.0,0.0,0.0,0.0,0.0
L.Middle_I_e_x,0.0,0.0,0.0,0.0,0.0,0.0,0.0,0.0,0.0,0.0,0.0,0.0,0.0,0.0,0.0
L.Middle_I_e_y,0.0,0.0,0.0,0.0,0.0,0.0,0.0,0.0,0.0,0.0,0.0,0.0,0.0,0.0,0.0
L.Middle_I_e_z,0.0,0.0,0.0,0.0,0.0,0.0,0.0,0.0,0.0,0.0,0.0,0.0,0.0,0.0,0.0
L.Middle_I_d_x,0.0,0.0,0.0,0.0,0.0,0.0,0.0,0.0,0.0,0.0,0.0,0.0,0.0,0.0,0.0
L.Middle_I_d_y,0.0,0.0,0.0,0.0,0.0,0.0,0.0,0.0,0.0,0.0,0.0,0.0,0.0,0.0,0.0
L.Middle_I_d_z,0.0,0.0,0.0,0.0,0.0,0.0,0.0,0.0,0.0,0.0,0.0,0.0,0.0,0.0,0.0
L.Middle_D_s_x,0.0,0.0,0.0,0.0,0.0,0.0,0.0,0.0,0.0,0.0,0.0,0.0,0.0,0.0,0.0
L.Middle_D_s_y,0.0,0.0,0.0,0.0,0.0,0.0,0.0,0.0,0.0,0.0,0.0,0.0,0.0,0.0,0.0
L.Middle_D_s_z,0.0,0.0,0.0,0.0,0.0,0.0,0.0,0.0,0.0,0.0,0.0,0.0,0.0,0.0,0.0
L.Middle_D_e_x,0.0,0.0,0.0,0.0,0.0,0.0,0.0,0.0,0.0,0.0,0.0,0.0,0.0,0.0,0.0
L.Middle_D_e_y,0.0,0.0,0.0,0.0,0.0,0.0,0.0,0.0,0.0,0.0,0.0,0.0,0.0,0.0,0.0
L.Middle_D_e_z,0.0,0.0,0.0,0.0,0.0,0.0,0.0,0.0,0.0,0.0,0.0,0.0,0.0,0.0,0.0
L.Middle_D_d_x,0.0,0.0,0.0,0.0,0.0,0.0,0.0,0.0,0.0,0.0,0.0,0.0,0.0,0.0,0.0
L.Middle_D_d_y,0.0,0.0,0.0,0.0,0.0,0.0,0.0,0.0,0.0,0.0,0.0,0.0,0.0,0.0,0.0
L.Middle_D_d_z,0.0,0.0,0.0,0.0,0.0,0.0,0.0,0.0,0.0,0.0,0.0,0.0,0.0,0.0,0.0
L.Ring_M_s_x,0.0,0.0,0.0,0.0,0.0,0.0,0.0,0.0,0.0,0.0,0.0,0.0,0.0,0.0,0.0
L.Ring_M_s_y,0.0,0.0,0.0,0.0,0.0,0.0,0.0,0.0,0.0,0.0,0.0,0.0,0.0,0.0,0.0
L.Ring_M_s_z,0.0,0.0,0.0,0.0,0.0,0.0,0.0,0.0,0.0,0.0,0.0,0.0,0.0,0.0,0.0
L.Ring_M_e_x,0.0,0.0,0.0,0.0,0.0,0.0,0.0,0.0,0.0,0.0,0.0,0.0,0.0,0.0,0.0
L.Ring_M_e_y,0.0,0.0,0.0,0.0,0.0,0.0,0.0,0.0,0.0,0.0,0.0,0.0,0.0,0.0,0.0
L.Ring_M_e_z,0.0,0.0,0.0,0.0,0.0,0.0,0.0,0.0,0.0,0.0,0.0,0.0,0.0,0.0,0.0
L.Ring_M_d_x,0.0,0.0,0.0,0.0,0.0,0.0,0.0,0.0,0.0,0.0,0.0,0.0,0.0,0.0,0.0
L.Ring_M_d_y,0.0,0.0,0.0,0.0,0.0,0.0,0.0,0.0,0.0,0.0,0.0,0.0,0.0,0.0,0.0
L.Ring_M_d_z,0.0,0.0,0.0,0.0,0.0,0.0,0.0,0.0,0.0,0.0,0.0,0.0,0.0,0.0,0.0
L.Ring_P_s_x,0.0,0.0,0.0,0.0,0.0,0.0,0.0,0.0,0.0,0.0,0.0,0.0,0.0,0.0,0.0
L.Ring_P_s_y,0.0,0.0,0.0,0.0,0.0,0.0,0.0,0.0,0.0,0.0,0.0,0.0,0.0,0.0,0.0
L.Ring_P_s_z,0.0,0.0,0.0,0.0,0.0,0.0,0.0,0.0,0.0,0.0,0.0,0.0,0.0,0.0,0.0
L.Ring_P_e_x,0.0,0.0,0.0,0.0,0.0,0.0,0.0,0.0,0.0,0.0,0.0,0.0,0.0,0.0,0.0
L.Ring_P_e_y,0.0,0.0,0.0,0.0,0.0,0.0,0.0,0.0,0.0,0.0,0.0,0.0,0.0,0.0,0.0
L.Ring_P_e_z,0.0,0.0,0.0,0.0,0.0,0.0,0.0,0.0,0.0,0.0,0.0,0.0,0.0,0.0,0.0
L.Ring_P_d_x,0.0,0.0,0.0,0.0,0.0,0.0,0.0,0.0,0.0,0.0,0.0,0.0,0.0,0.0,0.0
L.Ring_P_d_y,0.0,0.0,0.0,0.0,0.0,0.0,0.0,0.0,0.0,0.0,0.0,0.0,0.0,0.0,0.0
L.Ring_P_d_z,0.0,0.0,0.0,0.0,0.0,0.0,0.0,0.0,0.0,0.0,0.0,0.0,0.0,0.0,0.0
L.Ring_I_s_x,0.0,0.0,0.0,0.0,0.0,0.0,0.0,0.0,0.0,0.0,0.0,0.0,0.0,0.0,0.0
L.Ring_I_s_y,0.0,0.0,0.0,0.0,0.0,0.0,0.0,0.0,0.0,0.0,0.0,0.0,0.0,0.0,0.0
L.Ring_I_s_z,0.0,0.0,0.0,0.0,0.0,0.0,0.0,0.0,0.0,0.0,0.0,0.0,0.0,0.0,0.0
L.Ring_I_e_x,0.0,0.0,0.0,0.0,0.0,0.0,0.0,0.0,0.0,0.0,0.0,0.0,0.0,0.0,0.0
L.Ring_I_e_y,0.0,0.0,0.0,0.0,0.0,0.0,0.0,0.0,0.0,0.0,0.0,0.0,0.0,0.0,0.0
L.Ring_I_e_z,0.0,0.0,0.0,0.0,0.0,0.0,0.0,0.0,0.0,0.0,0.0,0.0,0.0,0.0,0.0
L.Ring_I_d_x,0.0,0.0,0.0,0.0,0.0,0.0,0.0,0.0,0.0,0.0,0.0,0.0,0.0,0.0,0.0
L.Ring_I_d_y,0.0,0.0,0.0,0.0,0.0,0.0,0.0,0.0,0.0,0.0,0.0,0.0,0.0,0.0,0.0
L.Ring_I_d_z,0.0,0.0,0.0,0.0,0.0,0.0,0.0,0.0,0.0,0.0,0.0,0.0,0.0,0.0,0.0
L.Ring_D_s_x,0.0,0.0,0.0,0.0,0.0,0.0,0.0,0.0,0.0,0.0,0.0,0.0,0.0,0.0,0.0
L.Ring_D_s_y,0.0,0.0,0.0,0.0,0.0,0.0,0.0,0.0,0.0,0.0,0.0,0.0,0.0,0.0,0.0
L.Ring_D_s_z,0.0,0.0,0.0,0.0,0.0,0.0,0.0,0.0,0.0,0.0,0.0,0.0,0.0,0.0,0.0
L.Ring_D_e_x,0.0,0.0,0.0,0.0,0.0,0.0,0.0,0.0,0.0,0.0,0.0,0.0,0.0,0.0,0.0
L.Ring_D_e_y,0.0,0.0,0.0,0.0,0.0,0.0,0.0,0.0,0.0,0.0,0.0,0.0,0.0,0.0,0.0
L.Ring_D_e_z,0.0,0.0,0.0,0.0,0.0,0.0,0.0,0.0,0.0,0.0,0.0,0.0,0.0,0.0,0.0
L.Ring_D_d_x,0.0,0.0,0.0,0.0,0.0,0.0,0.0,0.0,0.0,0.0,0.0,0.0,0.0,0.0,0.0
L.Ring_D_d_y,0.0,0.0,0.0,0.0,0.0,0.0,0.0,0.0,0.0,0.0,0.0,0.0,0.0,0.0,0.0
L.Ring_D_d_z,0.0,0.0,0.0,0.0,0.0,0.0,0.0,0.0,0.0,0.0,0.0,0.0,0.0,0.0,0.0
L.Pinky_M_s_x,0.0,0.0,0.0,0.0,0.0,0.0,0.0,0.0,0.0,0.0,0.0,0.0,0.0,0.0,0.0
L.Pinky_M_s_y,0.0,0.0,0.0,0.0,0.0,0.0,0.0,0.0,0.0,0.0,0.0,0.0,0.0,0.0,0.0
L.Pinky_M_s_z,0.0,0.0,0.0,0.0,0.0,0.0,0.0,0.0,0.0,0.0,0.0,0.0,0.0,0.0,0.0
L.Pinky_M_e_x,0.0,0.0,0.0,0.0,0.0,0.0,0.0,0.0,0.0,0.0,0.0,0.0,0.0,0.0,0.0
L.Pinky_M_e_y,0.0,0.0,0.0,0.0,0.0,0.0,0.0,0.0,0.0,0.0,0.0,0.0,0.0,0.0,0.0
L.Pinky_M_e_z,0.0,0.0,0.0,0.0,0.0,0.0,0.0,0.0,0.0,0.0,0.0,0.0,0.0,0.0,0.0
L.Pinky_M_d_x,0.0,0.0,0.0,0.0,0.0,0.0,0.0,0.0,0.0,0.0,0.0,0.0,0.0,0.0,0.0
L.Pinky_M_d_y,0.0,0.0,0.0,0.0,0.0,0.0,0.0,0.0,0.0,0.0,0.0,0.0,0.0,0.0,0.0
L.Pinky_M_d_z,0.0,0.0,0.0,0.0,0.0,0.0,0.0,0.0,0.0,0.0,0.0,0.0,0.0,0.0,0.0
L.Pinky_P_s_x,0.0,0.0,0.0,0.0,0.0,0.0,0.0,0.0,0.0,0.0,0.0,0.0,0.0,0.0,0.0
L.Pinky_P_s_y,0.0,0.0,0.0,0.0,0.0,0.0,0.0,0.0,0.0,0.0,0.0,0.0,0.0,0.0,0.0
L.Pinky_P_s_z,0.0,0.0,0.0,0.0,0.0,0.0,0.0,0.0,0.0,0.0,0.0,0.0,0.0,0.0,0.0
L.Pinky_P_e_x,0.0,0.0,0.0,0.0,0.0,0.0,0.0,0.0,0.0,0.0,0.0,0.0,0.0,0.0,0.0
L.Pinky_P_e_y,0.0,0.0,0.0,0.0,0.0,0.0,0.0,0.0,0.0,0.0,0.0,0.0,0.0,0.0,0.0
L.Pinky_P_e_z,0.0,0.0,0.0,0.0,0.0,0.0,0.0,0.0,0.0,0.0,0.0,0.0,0.0,0.0,0.0
L.Pinky_P_d_x,0.0,0.0,0.0,0.0,0.0,0.0,0.0,0.0,0.0,0.0,0.0,0.0,0.0,0.0,0.0
L.Pinky_P_d_y,0.0,0.0,0.0,0.0,0.0,0.0,0.0,0.0,0.0,0.0,0.0,0.0,0.0,0.0,0.0
L.Pinky_P_d_z,0.0,0.0,0.0,0.0,0.0,0.0,0.0,0.0,0.0,0.0,0.0,0.0,0.0,0.0,0.0
L.Pinky_I_s_x,0.0,0.0,0.0,0.0,0.0,0.0,0.0,0.0,0.0,0.0,0.0,0.0,0.0,0.0,0.0
L.Pinky_I_s_y,0.0,0.0,0.0,0.0,0.0,0.0,0.0,0.0,0.0,0.0,0.0,0.0,0.0,0.0,0.0
L.Pinky_I_s_z,0.0,0.0,0.0,0.0,0.0,0.0,0.0,0.0,0.0,0.0,0.0,0.0,0.0,0.0,0.0
L.Pinky_I_e_x,0.0,0.0,0.0,0.0,0.0,0.0,0.0,0.0,0.0,0.0,0.0,0.0,0.0,0.0,0.0
L.Pinky_I_e_y,0.0,0.0,0.0,0.0,0.0,0.0,0.0,0.0,0.0,0.0,0.0,0.0,0.0,0.0,0.0
L.Pinky_I_e_z,0.0,0.0,0.0,0.0,0.0,0.0,0.0,0.0,0.0,0.0,0.0,0.0,0.0,0.0,0.0
L.Pinky_I_d_x,0.0,0.0,0.0,0.0,0.0,0.0,0.0,0.0,0.0,0.0,0.0,0.0,0.0,0.0,0.0
L.Pinky_I_d_y,0.0,0.0,0.0,0.0,0.0,0.0,0.0,0.0,0.0,0.0,0.0,0.0,0.0,0.0,0.0
L.Pinky_I_d_z,0.0,0.0,0.0,0.0,0.0,0.0,0.0,0.0,0.0,0.0,0.0,0.0,0.0,0.0,0.0
L.Pinky_D_s_x,0.0,0.0,0.0,0.0,0.0,0.0,0.0,0.0,0.0,0.0,0.0,0.0,0.0,0.0,0.0
L.Pinky_D_s_y,0.0,0.0,0.0,0.0,0.0,0.0,0.0,0.0,0.0,0.0,0.0,0.0,0.0,0.0,0.0
L.Pinky_D_s_z,0.0,0.0,0.0,0.0,0.0,0.0,0.0,0.0,0.0,0.0,0.0,0.0,0.0,0.0,0.0
L.Pinky_D_e_x,0.0,0.0,0.0,0.0,0.0,0.0,0.0,0.0,0.0,0.0,0.0,0.0,0.0,0.0,0.0
L.Pinky_D_e_y,0.0,0.0,0.0,0.0,0.0,0.0,0.0,0.0,0.0,0.0,0.0,0.0,0.0,0.0,0.0
L.Pinky_D_e_z,0.0,0.0,0.0,0.0,0.0,0.0,0.0,0.0,0.0,0.0,0.0,0.0,0.0,0.0,0.0
L.Pinky_D_d_x,0.0,0.0,0.0,0.0,0.0,0.0,0.0,0.0,0.0,0.0,0.0,0.0,0.0,0.0,0.0
L.Pinky_D_d_y,0.0,0.0,0.0,0.0,0.0,0.0,0.0,0.0,0.0,0.0,0.0,0.0,0.0,0.0,0.0
L.Pinky_D_d_z,0.0,0.0,0.0,0.0,0.0,0.0,0.0,0.0,0.0,0.0,0.0,0.0,0.0,0.0,0.0
R.hand.palm_position_x,35.1692691803,-9.552148342142,-67.0617881775,-86.13697509764,-81.13063201904001,-69.39696502686,-63.372451782220004,-64.19347229006,-64.89000244139999,-64.10559768677999,-61.61453399658001,-60.841597747799995,-61.78789978028,-63.07172698974,-63.9721946716
R.hand.palm_position_y,274.9788879394,257.322439575,235.3183502196,221.56879577619998,204.8435150146,194.4780517578,188.5975158692,182.7999694824,183.24226074220002,186.7769470216,188.46946105959998,187.94163513179998,187.55017395020002,188.2196228028,188.20503234900002
R.hand.palm_position_z,-110.7089488984,-150.33008728020002,-99.72738189712001,-37.51032066348001,21.283161735526,63.257339477559995,90.79017028809999,96.70068511963999,98.444845581,102.52222747800002,104.650128174,104.37825927759998,103.7734924314,103.79405670180002,103.91910553
R.pitch,1.6818451395360003,-3.597885515608,-97.01874154509999,-147.3230129696,-147.054846079,-143.3483783128,-147.21209616,-152.014424078,-155.4488262822,-158.03518399240002,-159.96047227399998,-160.56806678499998,-159.8375206712,-159.6561272374,-159.617738842
R.roll,-9.405388138434,-18.065079437199998,26.614219512579997,59.40454715426,64.87382051294,66.47287436728001,67.39327651964001,67.59393381940001,66.29218580879999,63.414162625,61.33250125866,61.25580916172,62.22300630664,62.43264667129999,62.5911712657
R.yaw,-25.3595979295,-47.05164446206,-97.88760172319999,-130.507827429,-141.85705566739998,-147.358155659,-153.30149128,-155.46729784580003,-156.4374661232,-157.5252885082,-158.4202072244,-158.8897554146,-159.0886641862,-159.0042293866,-158.897509046
R.Arm direction_x,-0.743536221981,-0.787116909027,-0.8994786620142001,-0.9690940141678,-0.9884717583658,-0.9949087023738,-0.9984363675118001,-0.9976675868034001,-0.9969047546387999,-0.9941168308257998,-0.9896326661107999,-0.9892117619512,-0.9910331726074,-0.9915972948071999,-0.9916872978210001
R.Arm direction_y,0.344006240368,0.2157472312452,0.12042207270847997,0.024568593315767998,-0.03906814977528,-0.02667729146778,-0.038878301531079996,-0.05587660297752001,-0.0203090987633794,0.03483189921827,0.07306513786316,0.0777802616358,0.07564423382279999,0.08317378312352,0.0863080471754
R.Arm direction_z,-0.5639657318596001,-0.5757266521455999,-0.41251236796380003,-0.24355413317660002,-0.1423688873648,-0.09651043415062001,-0.028512616828088,0.03721346370878,0.07407363578678,0.10082205832011999,0.12348870337,0.12406731396920001,0.1100753620266,0.09903325587496001,0.09543184190989999
R.wrist position_x,74.41871871948,45.956592178339996,-4.567222714414799,-36.27137031556,-40.5990234375,-34.44800796506,-32.90385208127999,-35.089341735839994,-36.39389801026,-36.619369506839995,-35.035046386720005,-34.64989013672,-35.6812843323,-36.81120758056001,-37.5771141052
R.wrist position_y,272.657196045,257.7985198974,248.2229125978,240.14111938460002,228.62454528799998,223.18550109840004,215.3182250976,205.52366943360002,202.5590759278,203.46746215820002,203.2057128904,202.099661255,202.3826782226,203.1193084718,203.07522583
R.wrist position_z,-55.417750167840005,-110.85545349114,-109.67008819568,-76.80698318479999,-24.791877460478002,15.708451175701999,39.3225883484,42.33136367798001,42.38309020998,45.17233352659999,46.35809020996,45.80131378172,45.4100830078,45.57376937866,45.761497497600004
R.elbow position_x,255.90372619619998,238.0789276124,214.9807769776,200.2685974122,200.670730591,208.392904663,210.79810485860003,208.42496643080003,206.934213257,206.0282592774,206.51807556160003,206.800491333,206.213671875,205.22144775420003,204.477508545
R.elbow position_y,188.6909118652,205.1381530762,218.8298553468,234.1443328858,238.16044006340002,229.6969909668,224.8077819824,219.16223144539998,207.516192627,194.9655609132,185.371710205,183.1147735596,183.9191619874,182.8179504398,182.00885009799998
R.elbow position_z,82.23704452508,29.66998806,-8.982577633854001,-17.359410572052003,9.9580358743594,39.265067291259996,46.28205108642,33.24816703796,24.302930068979997,20.56332321166,16.2165212631,15.518515777580001,18.54249153138,21.40137443542,22.468147277800004
R.Thumb_M_s_x,39.47550697328,14.813533020026,-22.1807316303128,-44.97279739378,-46.01085433962,-38.14926071166,-34.397531127940006,-35.5062110901,-35.77444915772,-34.407231903079996,-31.638204574579998,-31.067426300060003,-32.490185546839996,-33.80032958986,-34.682369232199996
R.Thumb_M_s_y,271.07273559559997,263.322772217,260.6580566408,254.48699035660002,241.2504211426,234.0581634522,227.0200561524,218.6799835206,216.73999633800003,217.9482818604,217.8645965576,216.93114318839997,217.307937622,218.1506378172,218.196334839
R.Thumb_M_s_z,-56.0076740265,-101.56049957273999,-89.76809387200001,-54.63514709474,-1.473828631635601,39.9809989929,63.093415832519995,65.4951675415,65.05448303224,67.43376922608,68.28443603516,67.52008972169999,67.14637908934,67.28683319091999,67.4760971069
R.Thumb_M_e_x,39.47550697328,14.813533020026,-22.1807316303128,-44.97279739378,-46.01085433962,-38.14926071166,-34.397531127940006,-35.5062110901,-35.77444915772,-34.407231903079996,-31.638204574579998,-31.067426300060003,-32.490185546839996,-33.80032958986,-34.682369232199996
R.Thumb_M_e_y,271.07273559559997,263.322772217,260.6580566408,254.48699035660002,241.2504211426,234.0581634522,227.0200561524,218.6799835206,216.73999633800003,217.9482818604,217.8645965576,216.93114318839997,217.307937622,218.1506378172,218.196334839
R.Thumb_M_e_z,-56.0076740265,-101.56049957273999,-89.76809387200001,-54.63514709474,-1.473828631635601,39.9809989929,63.093415832519995,65.4951675415,65.05448303224,67.43376922608,68.28443603516,67.52008972169999,67.14637908934,67.28683319091999,67.4760971069
R.Thumb_M_d_x,0.0,0.0,0.0,0.0,0.0,0.0,0.0,0.0,0.0,0.0,0.0,0.0,0.0,0.0,0.0
R.Thumb_M_d_y,0.0,0.0,0.0,0.0,0.0,0.0,0.0,0.0,0.0,0.0,0.0,0.0,0.0,0.0,0.0
R.Thumb_M_d_z,0.0,0.0,0.0,0.0,0.0,0.0,0.0,0.0,0.0,0.0,0.0,0.0,0.0,0.0,0.0
R.Thumb_P_s_x,39.47550697328,14.813533020026,-22.1807316303128,-44.97279739378,-46.01085433962,-38.14926071166,-34.397531127940006,-35.5062110901,-35.77444915772,-34.407231903079996,-31.638204574579998,-31.067426300060003,-32.490185546839996,-33.80032958986,-34.682369232199996
R.Thumb_P_s_y,271.07273559559997,263.322772217,260.6580566408,254.48699035660002,241.2504211426,234.0581634522,227.0200561524,218.6799835206,216.73999633800003,217.9482818604,217.8645965576,216.93114318839997,217.307937622,218.1506378172,218.196334839
R.Thumb_P_s_z,-56.0076740265,-101.56049957273999,-89.76809387200001,-54.63514709474,-1.473828631635601,39.9809989929,63.093415832519995,65.4951675415,65.05448303224,67.43376922608,68.28443603516,67.52008972169999,67.14637908934,67.28683319091999,67.4760971069
R.Thumb_P_e_x,4.2065528154398,-26.803427124019997,-54.14466857908,-62.14976654052,-52.52087860108001,-38.78007125852,-32.442084121719994,-33.2460838318,-33.506496429420004,-31.61215324402,-28.529569244380003,-27.976909637439995,-29.394733810439998,-30.71289825438,-31.623216629
R.Thumb_P_e_y,257.1977264404,248.86391296379998,242.37500610340004,238.40249023439998,223.95329589820003,214.2560455322,211.7963623046,207.9335601808,207.66847839359997,208.8875000002,209.1698883058,208.576940918,207.7483795166,207.61620788579998,207.34396362299998
R.Thumb_P_e_z,-79.433849143934,-109.2615402224,-66.72697982785999,-16.327320861812,39.54542465208,80.51573333740001,105.49333038315999,109.25225067139999,109.20043334980001,111.55223388659999,112.45455780019999,111.7580642698,111.1380401612,111.0572387696,111.170944214
R.Thumb_P_d_x,0.7815631508828,0.9222354054449999,0.7083235740662001,0.38064309954619996,0.14426271021354,0.013978816871542,-0.04333287551998,-0.050084621459239996,-0.05025803223252,-0.061939184367659994,-0.06888763308524,-0.06848611980678,-0.06859548091888001,-0.06841774433854,-0.0677910894156
R.Thumb_P_d_y,0.30747142583116,0.320409554243,0.40515395998939996,0.3564338982106,0.38330581188199997,0.4388166725636,0.33735837340339997,0.23814169168460003,0.2010256320236,0.20078770518320002,0.19267549812760001,0.18512985408319999,0.21184063851820004,0.23344388008119998,0.24048948288000002
R.Thumb_P_d_z,0.5191260993482001,0.17065571695569998,-0.5105930387974,-0.8489047050473999,-0.908990240097,-0.8982532739638,-0.9395857930184001,-0.9696608543395999,-0.9782781362531999,-0.9776689648628001,-0.9788137912752001,-0.9803173780442,-0.9748590469357999,-0.9699559926986,-0.968281626701
R.Thumb_I_s_x,4.2065528154398,-26.803427124019997,-54.14466857908,-62.14976654052,-52.52087860108001,-38.78007125852,-32.442084121719994,-33.2460838318,-33.506496429420004,-31.61215324402,-28.529569244380003,-27.976909637439995,-29.394733810439998,-30.71289825438,-31.623216629
R.Thumb_I_s_y,257.1977264404,248.86391296379998,242.37500610340004,238.40249023439998,223.95329589820003,214.2560455322,211.7963623046,207.9335601808,207.66847839359997,208.8875000002,209.1698883058,208.576940918,207.7483795166,207.61620788579998,207.34396362299998
R.Thumb_I_s_z,-79.433849143934,-109.2615402224,-66.72697982785999,-16.327320861812,39.54542465208,80.51573333740001,105.49333038315999,109.25225067139999,109.20043334980001,111.55223388659999,112.45455780019999,111.7580642698,111.1380401612,111.0572387696,111.170944214
R.Thumb_I_e_x,-15.827608108520002,-52.64244003294,-73.10662689208,-72.38803100586001,-56.03886108398001,-38.509601593039996,-30.56498146056,-31.34419136048,-31.79626617432,-29.89527816772,-26.89170417784,-26.426881790160003,-27.773809433000004,-29.06676483156,-29.9461479187
R.Thumb_I_e_y,245.81687011740001,236.37317504879996,224.6273895264,222.976901245,208.0020965576,196.54855651859998,195.9410644532,195.60007019039998,196.5309661864,197.4556518554,197.45682067859997,196.337887573,194.0754974364,193.53818969740001,193.559616089
R.Thumb_I_e_z,-97.24743766779999,-116.6627120972,-54.719500350960004,6.93186998368,64.40148620606,104.52098693834,130.6625457762,136.3350952146,136.8231170654,139.0534942628,139.84268188480002,138.91836853019998,137.6005279542,137.3074005126,137.574996948
R.Thumb_I_d_x,0.6715486228468001,0.8661283731460001,0.635608255863,0.3431884825228,0.11792341433473999,-0.009066192124743199,-0.06292082294822,-0.06375177428126,-0.05732722058892,-0.05754996910691999,-0.0549015305936,-0.051957213133579996,-0.054333677142860005,-0.055178682506080004,-0.056215632706900005
R.Thumb_I_d_y,0.381488341093,0.41869179010400004,0.5949033141137999,0.5170685529708,0.5346870839596001,0.593558204174,0.5314724683759999,0.413420778513,0.37333137393,0.3831976532936,0.39262412786499995,0.4102552831172,0.45831746459,0.4718976438046,0.462053716183
R.Thumb_I_d_z,0.5971146702768,0.24808862060298004,-0.40249287858618005,-0.7796522974968001,-0.8331796765328001,-0.8046603918077999,-0.8436766862867999,-0.9078217625617999,-0.9259172320366,-0.9218473315239999,-0.9180548310279999,-0.9104183077814,-0.8870273470878001,-0.8799100518227998,-0.885068416595
R.Thumb_D_s_x,-15.827608108520002,-52.64244003294,-73.10662689208,-72.38803100586001,-56.03886108398001,-38.509601593039996,-30.56498146056,-31.34419136048,-31.79626617432,-29.89527816772,-26.89170417784,-26.426881790160003,-27.773809433000004,-29.06676483156,-29.9461479187
R.Thumb_D_s_y,245.81687011740001,236.37317504879996,224.6273895264,222.976901245,208.0020965576,196.54855651859998,195.9410644532,195.60007019039998,196.5309661864,197.4556518554,197.45682067859997,196.337887573,194.0754974364,193.53818969740001,193.559616089
R.Thumb_D_s_z,-97.24743766779999,-116.6627120972,-54.719500350960004,6.93186998368,64.40148620606,104.52098693834,130.6625457762,136.3350952146,136.8231170654,139.0534942628,139.84268188480002,138.91836853019998,137.6005279542,137.3074005126,137.574996948
R.Thumb_D_e_x,-27.697784042360002,-67.91424331665999,-82.42396850586,-77.71323394774001,-57.41361312866,-37.45254440306,-28.74670333862,-29.68428192138,-30.47285079956,-28.950853347779997,-26.3498950958,-25.99645996092,-27.133952712999996,-28.37329025268,-29.2363300323
R.Thumb_D_e_y,237.2140747072,225.0806854248,207.7804382324,207.882876587,192.6460266112,179.5447906494,179.609643555,181.9762756348,183.869821167,184.2605865478,183.4413787842,181.8219482422,179.30367126480002,178.719799805,178.64596557599998
R.Thumb_D_e_z,-109.87453002933998,-124.01417846659999,-50.702883529660006,19.58731350899,77.75894317625999,115.88131561259999,142.84196777339997,151.5036987304,152.8626525878,154.67956237799999,154.75927429220002,153.3552246094,151.7677062988,151.423486328,151.589599609
R.Thumb_D_d_x,0.579667837545154,0.7457827210428001,0.4550027906892001,0.2600508302452,0.06713458541786199,-0.05162030160428001,-0.08879371881485999,-0.08105997145176,-0.06462764143944001,-0.046120013296599996,-0.02645868882536,-0.021019205823540003,-0.031246744468819997,-0.03386512100696,-0.0346632264555
R.Thumb_D_d_y,0.42010867595660006,0.5514570713044,0.8227035403251998,0.7371012210843999,0.7498978972435999,0.8303614497184,0.7975279212,0.6653040170672,0.618294119835,0.6443674445154001,0.6844296932217999,0.7088708996774,0.721366930008,0.7236409068108,0.728292822838
R.Thumb_D_d_z,0.6166311025619999,0.35900126099580004,-0.19614737853404002,-0.618015575409,-0.6522976756096,-0.5547699809072,-0.5947694063185999,-0.7407431840894,-0.7832743883131998,-0.7630829691884,-0.7284364700318,-0.7050089597702001,-0.6918395757676,-0.6893445849416,-0.684388756752
R.Index_M_s_x,44.67903976442,17.292076253888,-34.643865776072,-64.53541946412,-66.63802490236,-59.045729827879995,-55.456621551519994,-56.62739868162,-56.98870391848,-55.70127944946,-52.9301185608,-52.34274520872,-53.753936767599996,-55.066040039079994,-55.951534271199996
R.Index_M_s_y,287.33825073239996,274.9238281248,262.8036865234,252.17478332540003,237.876385498,230.1879364014,223.14310302719997,215.0766448974,213.86782836900002,216.30982055660002,217.132006836,216.28805847179996,216.26718139639996,217.019570923,217.00534057599998
R.Index_M_s_z,-68.69287185662002,-119.22695007320002,-105.54512176498,-62.928517913840004,-6.0862544059760015,37.269672012319994,62.49481887818,65.74941253664,65.92795562746,69.13121032714,70.5790893555,69.99546813965999,69.58704986574,69.67063293458,69.7993927002
R.Index_M_e_x,5.9000125885,-39.108067321780005,-91.65088043218,-102.58703460680002,-93.09799194334,-78.6060180664,-69.74038696288,-69.61035308839999,-69.29355468752001,-66.77311706543999,-62.98517227172001,-61.92998962402,-63.139121246340004,-64.54993209836,-65.5710296631
R.Index_M_e_y,281.17320556640004,268.8108581544,246.70552368160003,232.4151214598,213.47046203600001,200.33458251960002,195.74247131340002,192.239550781,194.16570434579998,198.4670928956,200.70376892079997,200.429724121,199.82515258799998,200.4455841064,200.44639587400002
R.Index_M_e_z,-121.36045150746,-152.32875976559998,-83.98190383906,-12.316234159466001,49.65987968444,93.37927093509998,121.3583740236,126.833050537,128.242126465,132.23531494140002,134.233984375,133.8694519042,133.34324951159996,133.3780731202,133.49058532700002
R.Index_M_d_x,0.5830740213391999,0.848021697998,0.8571465492248,0.5721368014811999,0.397846978903,0.29410472512239993,0.21476795077320002,0.19520920217020002,0.18501336872559998,0.1664740145204,0.1511858582496,0.14415196478380002,0.1411138266324,0.14259797036660002,0.144636884332
R.Index_M_d_y,0.0926964372396,0.09191344082361999,0.24204888939838,0.29710249900819996,0.3669627726078,0.4488692760468,0.4119906306266,0.343374145031,0.2962373375894,0.2682798087598,0.2470118254424,0.2384428679944,0.24721917808059998,0.24920327067379996,0.248977094889
R.Index_M_d_z,0.7918996453284001,0.497712445259,-0.3242204040288,-0.7609966278075999,-0.8381881594657999,-0.8436531066896,-0.8850611090659999,-0.9184418320654,-0.9369438767434002,-0.9488211512564,-0.9571027636528001,-0.9603969573976,-0.9586259484292,-0.9578927874566,-0.957648515701
R.Index_P_s_x,5.9000125885,-39.108067321780005,-91.65088043218,-102.58703460680002,-93.09799194334,-78.6060180664,-69.74038696288,-69.61035308839999,-69.29355468752001,-66.77311706543999,-62.98517227172001,-61.92998962402,-63.139121246340004,-64.54993209836,-65.5710296631
R.Index_P_s_y,281.17320556640004,268.8108581544,246.70552368160003,232.4151214598,213.47046203600001,200.33458251960002,195.74247131340002,192.239550781,194.16570434579998,198.4670928956,200.70376892079997,200.429724121,199.82515258799998,200.4455841064,200.44639587400002
R.Index_P_s_z,-121.36045150746,-152.32875976559998,-83.98190383906,-12.316234159466001,49.65987968444,93.37927093509998,121.3583740236,126.833050537,128.242126465,132.23531494140002,134.233984375,133.8694519042,133.34324951159996,133.3780731202,133.49058532700002
R.Index_P_e_x,-16.032926082606,-71.97484436036,-111.15148925780002,-113.3294082642,-98.81479644788001,-79.09762420654,-70.16002655028001,-70.39790649412,-71.10472106934,-68.79191894531999,-64.59878463743999,-63.874900054959994,-65.12749328614001,-66.4057220459,-67.1998062134
R.Index_P_e_y,274.85363159179997,256.4380676272,229.21350097639998,214.46350708,195.33190002420002,181.398880005,179.30758361800002,177.11098938,179.83735351579998,184.70153198260002,187.6671112062,188.143167114,187.65680541999998,188.2976470946,188.23458862299998
R.Index_P_e_z,-150.66428222667997,-162.4466278076,-59.30847740168,18.899155807494004,81.98159942622001,125.83114318839998,155.16115112320003,161.2314086914,162.9470916748,167.15617675779998,169.45318298360002,169.34229125980002,168.85458984359997,168.9035430908,169.005401611
R.Index_P_d_x,0.5834624409676,0.8743257761001999,0.5187573611736,0.28576983213420004,0.152079091221,0.013077762397002002,0.011163299065086,0.020950583834222,0.04818085357548,0.053704397380359994,0.04292549937962,0.05173873081804,0.052894899994120004,0.04936794042588,0.0433288961649
R.Index_P_d_y,0.16811399310826,0.3291423916816,0.4653247535228,0.47755086421959997,0.4825241029262,0.503729724884,0.43720272183399994,0.40245168805119996,0.3811644256114,0.3661930143832,0.3468026518822,0.3268484055994,0.3237037599088,0.3231608390806,0.324859857559
R.Index_P_d_z,0.7795437097547999,0.26915671378374,-0.656365275383,-0.8303953289986001,-0.8598260879517999,-0.8632884144783999,-0.8992252588272001,-0.9150689721106001,-0.923225426674,-0.9289687514306,-0.9369051098822,-0.9436525583270001,-0.9446767330168001,-0.9450527191161999,-0.944769084454
R.Index_I_s_x,-16.032926082606,-71.97484436036,-111.15148925780002,-113.3294082642,-98.81479644788001,-79.09762420654,-70.16002655028001,-70.39790649412,-71.10472106934,-68.79191894531999,-64.59878463743999,-63.874900054959994,-65.12749328614001,-66.4057220459,-67.1998062134
R.Index_I_s_y,274.85363159179997,256.4380676272,229.21350097639998,214.46350708,195.33190002420002,181.398880005,179.30758361800002,177.11098938,179.83735351579998,184.70153198260002,187.6671112062,188.143167114,187.65680541999998,188.2976470946,188.23458862299998
R.Index_I_s_z,-150.66428222667997,-162.4466278076,-59.30847740168,18.899155807494004,81.98159942622001,125.83114318839998,155.16115112320003,161.2314086914,162.9470916748,167.15617675779998,169.45318298360002,169.34229125980002,168.85458984359997,168.9035430908,169.005401611
R.Index_I_e_x,-27.380284500106,-83.01655502326,-111.53769226080001,-113.14664154060002,-94.48920135504,-69.84776916504,-62.3483947754,-64.54099884031999,-66.89281311033999,-65.1633102417,-61.312423706059995,-61.36071014404,-62.63074340822,-63.46546325682,-63.8669052124
R.Index_I_e_y,264.469100952,239.8478302002,216.4164489744,203.36048889159997,184.1812103272,170.13059387180002,168.8719970704,167.3576782226,170.4321777344,175.3737182616,178.69766845700002,179.7449920654,179.382876587,179.9254058838,179.760894775
R.Index_I_e_z,-163.79443054178,-158.7800781252,-42.90673303153382,36.88003807066,99.32876739507999,141.13697357159998,171.795928955,179.04037170399997,181.412164307,185.786230469,188.3174072268,188.5876037598,188.15625610339998,188.0998931886,188.09326171900003
R.Index_I_d_x,0.536556881666,0.5221041917799999,0.01826150007546,-0.008642071974464,-0.20453460067520002,-0.43737679123879997,-0.36937096714960005,-0.27694227993480003,-0.19915888011459998,-0.1715777754784,-0.15539466142640002,-0.11888275146499998,-0.11805811673399999,-0.13902931809400002,-0.157595306635
R.Index_I_d_y,0.4910298576578599,0.7844647049903999,0.6051051020622,0.5250031352043999,0.5272573351858,0.5328177332878,0.4934439718722,0.46118264794380004,0.44472107887279994,0.44106314182299994,0.4241176128386,0.3971053004266,0.39123041033739997,0.39587909579279995,0.40067628026
R.Index_I_d_z,0.6208555579184,-0.173371731233838,-0.7755519747734001,-0.8502210140228001,-0.8202561140058,-0.7237318634988,-0.7865711092949998,-0.8420919299126,-0.8731157422064,-0.8809170365332001,-0.8919896245000001,-0.910009098053,-0.9126738905908001,-0.9076940536499999,-0.9025642275810001
R.Index_D_s_x,-27.380284500106,-83.01655502326,-111.53769226080001,-113.14664154060002,-94.48920135504,-69.84776916504,-62.3483947754,-64.54099884031999,-66.89281311033999,-65.1633102417,-61.312423706059995,-61.36071014404,-62.63074340822,-63.46546325682,-63.8669052124
R.Index_D_s_y,264.469100952,239.8478302002,216.4164489744,203.36048889159997,184.1812103272,170.13059387180002,168.8719970704,167.3576782226,170.4321777344,175.3737182616,178.69766845700002,179.7449920654,179.382876587,179.9254058838,179.760894775
R.Index_D_s_z,-163.79443054178,-158.7800781252,-42.90673303153382,36.88003807066,99.32876739507999,141.13697357159998,171.795928955,179.04037170399997,181.412164307,185.786230469,188.3174072268,188.5876037598,188.15625610339998,188.0998931886,188.09326171900003
R.Index_D_e_x,-33.915165710459995,-83.29478607178001,-106.8213821412,-110.64221038820001,-87.77208251954,-59.462527465819996,-54.03279647826,-57.80194778442001,-61.363890838639996,-60.2108192444,-57.09193191530001,-58.17646713258,-59.371363830600004,-59.652441406239994,-59.652114868199995
R.Index_D_e_y,254.3183929442,227.7212707518,207.8708587646,195.4206542968,176.4805999752,162.9093383788,161.5565124512,160.25274658200001,163.37526855480002,168.201535034,171.7621215822,173.30948486340003,173.0293029784,173.4487976074,173.19703674299998
R.Index_D_e_z,-170.24079284656,-152.663279724,-32.0336165308594,49.2368724823,110.11034698491999,149.0992431642,181.771347046,190.3160308838,193.372329712,197.93170776380003,200.85920715320003,201.6988800048,201.2891052248,201.02173767080004,200.846206665
R.Index_D_d_x,0.4371314883231999,0.018611329793999976,-0.31548357307891994,-0.16752650737750002,-0.44932175874700003,-0.6946900844574,-0.5562471747398001,-0.45078881978999996,-0.3698408782482,-0.33128227591500004,-0.2823173046114,-0.2130005687474,-0.2180265694858,-0.2550607770682,-0.281935989857
R.Index_D_d_y,0.67900144159804,0.811170375347,0.5716319441794,0.531111705303,0.5151095271112001,0.4830445587638,0.48934754729280006,0.4752633333208,0.47205103635760004,0.479762041569,0.46393287777920006,0.43048431873320003,0.4250035345552,0.4332334935664,0.439069956541
R.Index_D_d_z,0.4312102958560599,-0.4091652497648,-0.7273249745370001,-0.8265738129617999,-0.7212018609045999,-0.5326125264168,-0.6672758698465999,-0.7542518138884,-0.8000398397446,-0.8124358892442001,-0.8389465689658,-0.8770402550698,-0.8784831404686001,-0.8643684387208002,-0.8530707359309999
R.Middle_M_s_x,53.30684967042,22.357788467417997,-35.55919275282,-67.74012680054,-70.24215240478,-62.84658050538,-59.75210723878,-61.171284484859996,-61.92675018312,-61.28368759158,-58.962892150879995,-58.42686538696,-59.672940826419996,-60.94120559692,-61.792709350600006
R.Middle_M_s_y,287.0440795898,270.9921386718,254.98621215820003,242.94620056140002,228.66672973640001,221.25589599619997,214.01274108880003,205.69343261720002,204.48185119599998,207.16294860859998,208.17835998540005,207.3315612792,207.2198608398,207.95202941879998,207.919036865
R.Middle_M_s_z,-75.65215663916,-128.12607269280002,-113.07877655048,-68.2408241272,-11.190584802612,31.8252670288,57.80457839964,61.854811859120005,62.5536628723,66.12660217284,67.87166748048,67.41303253174001,66.93800811768001,66.9929901123,67.11093139649999
R.Middle_M_e_x,23.787479400629998,-26.507570505140002,-88.93059997568,-104.719000244,-96.59571380614,-82.86805877687999,-75.22457733156001,-75.6273010254,-76.07157897948,-74.8082977295,-71.91277618408,-70.9820587158,-71.90004882812,-73.22387847902,-74.1737823486
R.Middle_M_e_y,279.8025146486,261.0777618408,233.1208953856,216.7835723878,198.23644104,185.98196716299998,180.8748962404,176.60673522940002,178.28202514640003,182.81908264159998,185.2583496094,184.9375823976,184.2307525636,184.82867126460002,184.79843139599998
R.Middle_M_e_z,-130.02936782833999,-165.3998931886,-98.01696090694001,-24.586661911024997,37.18628940584,80.11576232908,109.1601058958,115.9024612428,118.14950408940001,122.7147766114,125.18331604,125.0223846436,124.38317871099999,124.3724761962,124.47052764899999
R.Middle_M_d_x,0.46803243756280005,0.7747649192808,0.8462087392808,0.5863035798071998,0.4178382277488,0.3174424409866,0.24531750678999997,0.22920152843000002,0.22426760792740003,0.214433979988,0.20532164871699998,0.1990637809038,0.1938619703052,0.1947429537774,0.19630309939399998
R.Middle_M_d_y,0.11481570899480001,0.157193389535,0.3466766804456,0.4148109793664,0.48247513771040007,0.5592715024948,0.5254037141800001,0.46117237806320005,0.41540073752420004,0.3859743177892,0.3633989572526,0.355058658123,0.364494520426,0.3666230499744,0.36657941341399997
R.Middle_M_d_z,0.8621558904646001,0.5909799695016,-0.23880651518705998,-0.6921409249306001,-0.7670199513436,-0.7656504273416,-0.8142468214035998,-0.8569306612013999,-0.8814773559572,-0.8972108960151999,-0.90868165493,-0.9134017348290001,-0.9107986927034,-0.909757232666,-0.909441947937
R.Middle_P_s_x,23.787479400629998,-26.507570505140002,-88.93059997568,-104.719000244,-96.59571380614,-82.86805877687999,-75.22457733156001,-75.6273010254,-76.07157897948,-74.8082977295,-71.91277618408,-70.9820587158,-71.90004882812,-73.22387847902,-74.1737823486
R.Middle_P_s_y,279.8025146486,261.0777618408,233.1208953856,216.7835723878,198.23644104,185.98196716299998,180.8748962404,176.60673522940002,178.28202514640003,182.81908264159998,185.2583496094,184.9375823976,184.2307525636,184.82867126460002,184.79843139599998
R.Middle_P_s_z,-130.02936782833999,-165.3998931886,-98.01696090694001,-24.586661911024997,37.18628940584,80.11576232908,109.1601058958,115.9024612428,118.14950408940001,122.7147766114,125.18331604,125.0223846436,124.38317871099999,124.3724761962,124.47052764899999
R.Middle_P_e_x,4.022633457185999,-57.528657150259995,-80.88398742676,-78.09712829589999,-65.47786560059998,-48.32374649048,-39.53383331298,-39.243687438980004,-39.26010818482,-38.433342742920004,-35.98491134641999,-35.11693115234,-35.79343948362,-37.0302597046,-37.924030304
R.Middle_P_e_y,263.0173675538,237.15576477060003,213.13089904819998,202.38085632340002,184.28389282220002,172.42497863779997,167.5651489258,164.27570190440002,165.6189575196,168.1230163576,169.11599121080002,168.8097351074,168.69762268079998,169.5251983642,169.684906006
R.Middle_P_e_z,-160.80768432616,-168.98197021480001,-65.70582885740001,4.745719623554001,61.80001449584,100.14770355226001,127.2520599364,133.2986694336,134.365927124,138.174291992,140.2573883056,140.2603332518,139.6691986084,139.6849822998,139.839096069
R.Middle_P_d_x,0.4686487257482,0.7355480432510001,-0.19079505801199997,-0.6312372565269999,-0.7378423810004,-0.8190880656241999,-0.8462713241577999,-0.8627001285554,-0.8728451728819999,-0.8624947905542,-0.8518938183786,-0.8504062056539998,-0.8561320304869999,-0.8581950783728001,-0.8595260381700001
R.Middle_P_d_y,0.397996431589,0.5672199368476,0.47398732900619994,0.3415060758592,0.33083204031,0.3214528381824,0.315590429306,0.2923839390278,0.30025688409819995,0.3484617471696,0.3827551543712,0.3824110567568,0.3683095753194,0.362864112854,0.35836020111999994
R.Middle_P_d_z,0.7297916114330001,0.08493544012298002,-0.7661365747451999,-0.6955067753794,-0.583621633053,-0.47498192191140004,-0.4289824187752,-0.41248544454580005,-0.3845113039016,-0.36656406521780005,-0.35742477774619996,-0.36131046414400003,-0.362450289726,-0.3630782961844,-0.36440756916999995
R.Middle_I_s_x,4.022633457185999,-57.528657150259995,-80.88398742676,-78.09712829589999,-65.47786560059998,-48.32374649048,-39.53383331298,-39.243687438980004,-39.26010818482,-38.433342742920004,-35.98491134641999,-35.11693115234,-35.79343948362,-37.0302597046,-37.924030304
R.Middle_I_s_y,263.0173675538,237.15576477060003,213.13089904819998,202.38085632340002,184.28389282220002,172.42497863779997,167.5651489258,164.27570190440002,165.6189575196,168.1230163576,169.11599121080002,168.8097351074,168.69762268079998,169.5251983642,169.684906006
R.Middle_I_s_z,-160.80768432616,-168.98197021480001,-65.70582885740001,4.745719623554001,61.80001449584,100.14770355226001,127.2520599364,133.2986694336,134.365927124,138.174291992,140.2573883056,140.2603332518,139.6691986084,139.6849822998,139.839096069
R.Middle_I_e_x,-3.738747692124,-58.322207641599995,-58.700862121579995,-58.45104370117999,-46.92183837892,-31.551346969599997,-23.227379226700002,-23.762364959719996,-25.17564010618,-24.64367599488,-22.1657421112,-21.37984046936,-22.150286865240002,-23.455308151260002,-24.36536026
R.Middle_I_e_y,246.14321594220002,220.64841003420003,217.87578430180002,211.858657837,193.40572814939998,182.1605316162,176.07026062,171.68406982419998,172.6269470216,174.196054077,174.3036224366,173.5681304934,173.70942688,174.5018035888,174.607437134
R.Middle_I_e_z,-167.79852676406,-156.1274810792,-65.182283783,-7.179798746134,48.04448966978,84.56371917725998,110.50487976079998,115.29967193600001,115.09428558340001,118.3774383546,120.22968444819999,120.0683486936,119.474884033,119.4360046388,119.56593322799999
R.Middle_I_d_x,0.311938560009,0.03189364224671998,-0.8915645599368001,-0.789598119259,-0.7457874298096,-0.6741014957428,-0.655374610424,-0.6222116470337999,-0.5660704731942,-0.5542220473289999,-0.5554078459738,-0.5521090507508,-0.5483334422112,-0.5455924391748,-0.544938147068
R.Middle_I_d_y,0.6781908392906001,0.6634489655496,-0.1907022178174,-0.3809234499932,-0.36661672592179995,-0.39128275513659994,-0.34182994365680003,-0.2977505862714,-0.28165891766560003,-0.24408214688299998,-0.20849668979639996,-0.191245236993,-0.20142996907220004,-0.20001531541339998,-0.197842046618
R.Middle_I_d_z,0.280969810486,-0.5166362503543199,-0.021041886508459985,0.4792999267578001,0.5528498828409999,0.6263377547264,0.6730878710748001,0.7233998179434,0.7745487570762,0.7956575870516,0.8049357652666,0.8115384578704001,0.8116319060328001,0.8138289928434,0.8148011565209999
R.Middle_D_s_x,-3.738747692124,-58.322207641599995,-58.700862121579995,-58.45104370117999,-46.92183837892,-31.551346969599997,-23.227379226700002,-23.762364959719996,-25.17564010618,-24.64367599488,-22.1657421112,-21.37984046936,-22.150286865240002,-23.455308151260002,-24.36536026
R.Middle_D_s_y,246.14321594220002,220.64841003420003,217.87578430180002,211.858657837,193.40572814939998,182.1605316162,176.07026062,171.68406982419998,172.6269470216,174.196054077,174.3036224366,173.5681304934,173.70942688,174.5018035888,174.607437134
R.Middle_D_s_z,-167.79852676406,-156.1274810792,-65.182283783,-7.179798746134,48.04448966978,84.56371917725998,110.50487976079998,115.29967193600001,115.09428558340001,118.3774383546,120.22968444819999,120.0683486936,119.474884033,119.4360046388,119.56593322799999
R.Middle_D_e_x,-6.9093341946316,-52.39467163086,-48.144116973900005,-53.43125,-44.23114776612,-30.626094055160003,-22.06819992064,-23.19684524536,-25.874383544900002,-25.46589546204,-22.766195297239996,-21.987898254380003,-22.86257476806,-24.2701446533,-25.2436561584
R.Middle_D_e_y,234.46825561539998,213.9062072754,225.48672485339998,220.33037109359998,201.93851623539996,191.0428222656,184.25810852040001,178.9649383544,179.6369689938,181.1257385252,181.06961059559998,180.07260742199998,180.2102386474,180.9340148926,180.973251343
R.Middle_D_e_z,-168.05717887872,-146.43078460700002,-72.81819000243999,-20.3338138103468,34.29550590516,70.75847702026,96.2985443115,100.5776245118,100.23924102790001,103.48970031760003,105.25636138899999,104.97938537600001,104.3890060426,104.32584686280002,104.43116760299999
R.Middle_D_d_x,0.1928285896778,-0.36050064712754004,-0.6420394837856,-0.305293506384,-0.16364226043226,-0.0562719732523,-0.07049889788030002,-0.03439373420551401,0.042496137321,0.050005689263339995,0.036518324166520004,0.03698081299662,0.04331988990306,0.04955666884782,0.0534161701798
R.Middle_D_d_y,0.7100471355019801,0.41004685759546,-0.46288178563119997,-0.5152321279052,-0.5189466297628,-0.5402025938035999,-0.4979680418968,-0.4428073346612,-0.4263351023198,-0.42144908905020007,-0.411493432522,-0.39558879733100005,-0.39536604285240007,-0.39119377136219996,-0.387155890465
R.Middle_D_d_z,0.01573070436715996,-0.5897332012652,0.4644001722334,0.8000000715256,0.8361849308014001,0.8396063208579999,0.864000058174,0.8953644037245999,0.9034532427788001,0.9054414749146,0.9106466054916,0.9176794528963998,0.9174921631813999,0.9189684987068001,0.9204657077789999
R.Ring_M_s_x,62.51203308106,28.118732070922,-34.2579459130658,-68.0926399231,-70.97574768068,-63.815690612779996,-61.29380569456,-62.99264907838,-64.1815940857,-64.25902938840001,-62.45174484254001,-61.9795410156,-63.043812561020005,-64.26183166502001,-65.0736083984
R.Ring_M_s_y,284.32239990220006,264.89097900400003,246.026760864,233.1027587892,219.0411499024,212.059790039,204.57558288579997,195.89506530779997,194.5454925538,197.29464721679997,198.37944335919997,197.51144104,197.36226806620002,198.0863677982,198.04121398900003
R.Ring_M_s_z,-81.13005933746,-135.1885772704,-119.33197021480001,-73.3591445923,-16.669320392609997,25.676925849919996,52.1627761841,56.9594345093,58.13895187377999,61.99645843505999,63.98073043821999,63.63337783813999,63.08981475828,63.12164916994,63.2366790771
R.Ring_M_e_x,43.734302902219994,-10.268142461783999,-80.37594146728,-101.30493774412,-95.20108184808,-82.6810623169,-76.61095123289999,-77.63178405758,-78.8768371582,-78.95518646240001,-77.030657959,-76.26034088134,-76.90029144286,-78.12924499510001,-78.9974212646
R.Ring_M_e_y,276.405383301,251.9576385498,220.20575256339998,202.7251281736,185.0595275878,174.1452819824,168.350140381,162.9534332276,164.04923400900003,168.5104461672,170.92045288079998,170.4997222902,169.7897247314,170.38759460440002,170.333969116
R.Ring_M_e_z,-133.2322006224,-173.64926757819998,-111.30070037838,-39.22062549588001,21.44025201796,63.26240386964,92.87418518066,100.61413269042,103.52866210919998,108.49291381840001,111.3078460692,111.3100738526,110.57020721420001,110.52547454840001,110.619148254
R.Ring_M_d_x,0.3316015183926,0.6778851866719999,0.8144114255906001,0.5865058422085999,0.4278023540974,0.3331491887568,0.2704900026322,0.25851681232460005,0.2595076620578,0.25952380895620003,0.2574533522126,0.25218886733080004,0.2446956634522,0.2448887616396,0.245884716511
R.Ring_M_d_y,0.13980895578879998,0.228393691778,0.4559808731078,0.5364476084708001,0.6000915408134,0.669543528557,0.6397157788275999,0.581726014614,0.538542497158,0.5083087563515999,0.4849064528944,0.47700794935220003,0.48691170811659995,0.48914084434500005,0.489290416241
R.Ring_M_d_z,0.9200872063636,0.6791887521743999,-0.14182657748468,-0.6028622746465999,-0.6729882478716,-0.6637331008909999,-0.7189348101618,-0.7709112048147999,-0.8015503883362,-0.8210947275162,-0.8357635617256001,-0.8419368982316,-0.8384703040124,-0.8371182084082,-0.8367410302159999
R.Ring_P_s_x,43.734302902219994,-10.268142461783999,-80.37594146728,-101.30493774412,-95.20108184808,-82.6810623169,-76.61095123289999,-77.63178405758,-78.8768371582,-78.95518646240001,-77.030657959,-76.26034088134,-76.90029144286,-78.12924499510001,-78.9974212646
R.Ring_P_s_y,276.405383301,251.9576385498,220.20575256339998,202.7251281736,185.0595275878,174.1452819824,168.350140381,162.9534332276,164.04923400900003,168.5104461672,170.92045288079998,170.4997222902,169.7897247314,170.38759460440002,170.333969116
R.Ring_P_s_z,-133.2322006224,-173.64926757819998,-111.30070037838,-39.22062549588001,21.44025201796,63.26240386964,92.87418518066,100.61413269042,103.52866210919998,108.49291381840001,111.3078460692,111.3100738526,110.57020721420001,110.52547454840001,110.619148254
R.Ring_P_e_x,29.107353019722,-37.959517955788,-74.39241790770001,-75.78228149416,-65.32626571656,-50.128018951399994,-42.914692688,-42.906023406959996,-43.94991455078,-44.36912231446,-42.78177947998,-42.114457702639996,-42.616671752959995,-43.7781990051,-44.563526153599994
R.Ring_P_e_y,257.8887908936,228.468597412,202.9084075928,191.3641906738,173.9107116702,163.104974365,157.4556610106,153.5253112794,154.3157318116,156.8363830568,157.826828003,157.2805786132,157.0695617674,157.8285430908,157.953979492
R.Ring_P_e_z,-162.18194732665998,-179.00211486799998,-80.75882186886,-11.9423761367832,43.89166831972,81.8720428467,109.39423980720001,115.8921920776,118.1397354124,122.46952667240001,124.8657714846,125.00582427980001,124.394744873,124.33029479960001,124.379394531
R.Ring_P_d_x,0.374152892828,0.7083369493484001,-0.15305674374088,-0.6528618335722001,-0.7641887903214,-0.8326970219611999,-0.8619401335715999,-0.8882744669916001,-0.8934201359748,-0.8847010374070001,-0.8760759234428,-0.8734413623808001,-0.8769646406173999,-0.878689301014,-0.880808711052
R.Ring_P_d_y,0.47364874482139996,0.6008425116538001,0.44246085286139997,0.29060934185980003,0.28518335223200003,0.2824077308178,0.2786774992944,0.24116851687420002,0.2489800482988,0.2986189961432,0.3349309504032,0.3381416976452,0.32537791728980003,0.3212567150594,0.316676437855
R.Ring_P_d_z,0.7405256986618,0.13692422658182,-0.781252038479,-0.6977693557739999,-0.574300456047,-0.47602894306200005,-0.4225780189036,-0.3908081412312,-0.373746842146,-0.35751751661299996,-0.34680762290940004,-0.35033314824080003,-0.3536274969578,-0.3531230986120001,-0.351982980967
R.Ring_I_s_x,29.107353019722,-37.959517955788,-74.39241790770001,-75.78228149416,-65.32626571656,-50.128018951399994,-42.914692688,-42.906023406959996,-43.94991455078,-44.36912231446,-42.78177947998,-42.114457702639996,-42.616671752959995,-43.7781990051,-44.563526153599994
R.Ring_I_s_y,257.8887908936,228.468597412,202.9084075928,191.3641906738,173.9107116702,163.104974365,157.4556610106,153.5253112794,154.3157318116,156.8363830568,157.826828003,157.2805786132,157.0695617674,157.8285430908,157.953979492
R.Ring_I_s_z,-162.18194732665998,-179.00211486799998,-80.75882186886,-11.9423761367832,43.89166831972,81.8720428467,109.39423980720001,115.8921920776,118.1397354124,122.46952667240001,124.8657714846,125.00582427980001,124.394744873,124.33029479960001,124.379394531
R.Ring_I_e_x,22.170394515998,-41.059920501700006,-54.23091354368,-57.596318054200005,-48.98172149658,-35.59809951782,-28.99089775088,-29.752777862560002,-31.284471893280006,-31.669150161740003,-29.889149093640004,-29.19591293332,-29.86434898378,-31.121072387699996,-31.9741516113
R.Ring_I_e_y,240.44078979459997,212.9673004152,209.92266540539998,204.0019226076,186.89076232899998,176.5506500246,169.9569274904,164.84331359840002,164.59364013680002,165.98901672380003,166.15545654299999,165.31659545899998,165.37403869620002,166.2584777834,166.447723389
R.Ring_I_e_z,-167.51988449104002,-165.20090942379997,-78.80197830212,-21.7253232121454,31.686296653760003,67.89159240725999,94.00446319580001,98.97783355712,100.21470947271999,103.9675537108,106.1071350096,106.13684692380002,105.52918396,105.4559875488,105.48838043200001
R.Ring_I_d_x,0.28619548380364,0.1279120877384,-0.8317954421046,-0.7502912044524,-0.6743205070496,-0.5994553208352,-0.5744485497476,-0.54265832901,-0.5225332140922,-0.5239578366282001,-0.5319062948223999,-0.5329754352567999,-0.5261176228522,-0.5221901178362001,-0.519395053387
R.Ring_I_d_y,0.7198456525802001,0.6395310223103999,-0.28938452303420004,-0.5213899850847998,-0.5355129122733999,-0.554723083973,-0.5157598435877999,-0.46694241166100003,-0.42403164505979996,-0.37760666012759997,-0.34361102580999997,-0.33153885602960004,-0.3426145792008,-0.34779051542279993,-0.35042318701700004
R.Ring_I_d_z,0.220225250721,-0.5693910285828799,-0.08073277175435999,0.4036112368106,0.5035522580146,0.5767860770224,0.6349299669264,0.6978291034695999,0.7395258069038,0.7633287429808,0.7739178657532,0.778470146656,0.7783291220664,0.7786898970606,0.779379427433
R.Ring_D_s_x,22.170394515998,-41.059920501700006,-54.23091354368,-57.596318054200005,-48.98172149658,-35.59809951782,-28.99089775088,-29.752777862560002,-31.284471893280006,-31.669150161740003,-29.889149093640004,-29.19591293332,-29.86434898378,-31.121072387699996,-31.9741516113
R.Ring_D_s_y,240.44078979459997,212.9673004152,209.92266540539998,204.0019226076,186.89076232899998,176.5506500246,169.9569274904,164.84331359840002,164.59364013680002,165.98901672380003,166.15545654299999,165.31659545899998,165.37403869620002,166.2584777834,166.447723389
R.Ring_D_s_z,-167.51988449104002,-165.20090942379997,-78.80197830212,-21.7253232121454,31.686296653760003,67.89159240725999,94.00446319580001,98.97783355712,100.21470947271999,103.9675537108,106.1071350096,106.13684692380002,105.52918396,105.4559875488,105.48838043200001
R.Ring_D_e_x,18.961969280239998,-36.721837997419996,-44.93901519774,-53.59070968628,-47.96827163696,-36.86249771118,-30.75653495788,-32.40712471008,-34.33387451172,-34.547708892820005,-32.421421814,-31.597144317640005,-32.4300415039,-33.8235847473,-34.7719039917
R.Ring_D_e_y,228.83492126439995,207.0855560304,218.3787200928,213.9792144776,197.017932129,186.81862792959998,179.7721008302,173.65684814460002,172.86915893559998,174.1763366698,174.3110107422,173.3360198976,173.377761841,174.2772155762,174.45237731900002
R.Ring_D_e_z,-166.60423774732,-153.8615264892,-85.90935974118,-34.028024673459996,18.977925538998,55.234686279280005,81.05801391602,85.472013855,86.45013275146,90.11392059326,92.16712341307999,92.09483642576,91.50741119386001,91.46839141845999,91.51139831540002
R.Ring_D_d_x,0.19625770449660002,-0.26535819768906,-0.5683806061746001,-0.2450209856036,-0.061992183979626005,0.07734256759286,0.1080031067133,0.16236505508440002,0.1865303874018,0.17607994377600003,0.15489782393,0.1468820810318,0.15694209635259998,0.1653113156556,0.171137019992
R.Ring_D_d_y,0.7099249571562399,0.35978322029099996,-0.5172524452209999,-0.6103057861328,-0.6194737315178,-0.6280867695810001,-0.6003890156745999,-0.5391194581986,-0.506209230423,-0.5008141040802,-0.49887107610720005,-0.49054403901099997,-0.4895836472512,-0.49050213694579997,-0.489640384912
R.Ring_D_d_z,-0.05600976347923999,-0.6936240494254,0.434754806757,0.7525498747825999,0.7773644924163999,0.7742162346841999,0.7919275283814,0.8261441707612001,0.8419720768928001,0.847419536114,0.8527033805848001,0.8589424967766,0.8577046632768,0.8556141614914001,0.854964494705
R.Pinky_M_s_x,71.82462921144,34.26142234802,-28.620059490196002,-62.1835067749,-65.20146484374,-58.248315429659996,-56.36302566529999,-58.37571029662,-60.04937286378,-60.956609344460006,-59.75986480712,-59.3694595337,-60.222666168219995,-61.380387115459996,-62.1437683105
R.Pinky_M_s_y,275.9187194826,253.9771759032,234.77051391599997,222.23158874520004,208.77650756840004,202.47313537600002,194.7007232666,185.49592285160003,183.74308166479997,186.1749145506,187.0496002196,186.12673950200002,186.06142272980003,186.80509338400003,186.76466369599999
R.Pinky_M_s_z,-83.4536871193514,-137.83690795899997,-121.73824310319999,-76.87215423583999,-21.795111393912,19.15067405701,45.55559463502,50.958735656740004,52.506841278059994,56.436357879620004,58.51187362672,58.23805313112,57.62469711302,57.64739837646,57.7783355713
R.Pinky_M_e_x,61.677969360359995,4.578698921194,-69.71633377072001,-93.96401519774,-89.51514739988,-78.0649673462,-73.45127258300002,-75.04914245606001,-77.04488372803999,-78.39694824218,-77.40656890872,-76.79235687257999,-77.16460266114,-78.30189514158,-79.09102630619999
R.Pinky_M_e_y,269.5414154054,240.57139282219995,207.1474487304,189.50960083020001,172.901156616,163.3601470948,156.914904785,150.3931152344,150.78722839339997,154.9172973632,157.11001281740002,156.57638549799998,155.9465026856,156.56321105939998,156.500106812
R.Pinky_M_e_z,-133.87639770504,-177.9786987306,-120.59510803209999,-51.281749725320005,7.531567144384001,47.87046737672,77.58743896486,86.11998748782,89.55278167723999,94.7283432007,97.75166320802,97.87371215822,97.04330749512,96.97774047852,97.0802459717
R.Pinky_M_d_x,0.19356689155082002,0.5662545561792001,0.7839898467066,0.6062737822532,0.4638298869132,0.37804045677200004,0.3259909033776,0.31807754635820007,0.32422178387619993,0.33270772695559997,0.3366445481778,0.3323749780656,0.32319976091399993,0.32281004190440005,0.32330128550500004
R.Pinky_M_d_y,0.12165923416619999,0.2557408779862,0.5269626796246,0.624234294891,0.6843907952310001,0.7461548805236,0.720836555958,0.6696530461311999,0.6286957502366001,0.5962986707687999,0.5711547374724001,0.5637293457983998,0.5744995474814001,0.576921570301,0.577354192734
R.Pinky_M_d_z,0.9619093775747999,0.7657812237738001,-0.021807479858199984,-0.488185751438,-0.5594623565674,-0.5478848576545999,-0.6110685229302,-0.6707679748534,-0.7067219734192,-0.7304926514624001,-0.7485738396646,-0.7561257719994,-0.7519851922988,-0.7503013014792,-0.7497589588169999
R.Pinky_P_s_x,61.677969360359995,4.578698921194,-69.71633377072001,-93.96401519774,-89.51514739988,-78.0649673462,-73.45127258300002,-75.04914245606001,-77.04488372803999,-78.39694824218,-77.40656890872,-76.79235687257999,-77.16460266114,-78.30189514158,-79.09102630619999
R.Pinky_P_s_y,269.5414154054,240.57139282219995,207.1474487304,189.50960083020001,172.901156616,163.3601470948,156.914904785,150.3931152344,150.78722839339997,154.9172973632,157.11001281740002,156.57638549799998,155.9465026856,156.56321105939998,156.500106812
R.Pinky_P_s_z,-133.87639770504,-177.9786987306,-120.59510803209999,-51.281749725320005,7.531567144384001,47.87046737672,77.58743896486,86.11998748782,89.55278167723999,94.7283432007,97.75166320802,97.87371215822,97.04330749512,96.97774047852,97.0802459717
R.Pinky_P_e_x,53.1824836731,-17.119641208672,-69.57041931154,-76.41042022706,-68.4552947998,-54.64404983519999,-48.71746749878,-49.07078475952,-50.64657821656,-52.04731521606,-51.1784378052,-50.6454345703,-51.02314910888,-52.15204467771999,-52.8804168701
R.Pinky_P_e_y,253.8212066652,222.4491912844,195.98793640139996,183.77327575660001,166.456427002,156.2783752442,150.03384704579997,145.370504761,145.82109069819998,148.49458313,149.6435485842,149.0186401366,148.6769226072,149.39143371580002,149.475860596
R.Pinky_P_e_z,-157.47498168942,-184.987765503,-95.16430435188,-26.513726234425995,29.172770595539998,66.79802780151999,94.8191070557,102.1469863892,104.90025482200001,109.606326294,112.36334686260003,112.58369903580001,111.90789031979998,111.8751098636,111.941207886
R.Pinky_P_d_x,0.27459364831461996,0.7013402700424001,-0.004716321826000003,-0.5673725247382,-0.6807029008864001,-0.7570178866386,-0.7994534730910001,-0.8396802902220001,-0.8532539248466,-0.8516807556152,-0.8477535486219999,-0.8451287031174,-0.8449518561361999,-0.8452232837678,-0.847187161446
R.Pinky_P_d_y,0.508113306761,0.5857512354852,0.36070108115659993,0.18541120886800003,0.20830848514999997,0.2288991421464,0.22241161763679998,0.162342324853,0.1605169892312,0.2075969070194,0.24133330285539997,0.24428372085099997,0.23496953845039997,0.23180832862880002,0.227039784193
R.Pinky_P_d_z,0.7627605319024,0.22654917053895995,-0.8219820499418,-0.800559425354,-0.6994934797288,-0.6117822647094,-0.5569671511651999,-0.5180294632912,-0.49606559872620004,-0.48089065551759996,-0.47228323817260004,-0.475460624695,-0.48045748472219996,-0.4815172195434,-0.48034045100199996
R.Pinky_I_s_x,53.1824836731,-17.119641208672,-69.57041931154,-76.41042022706,-68.4552947998,-54.64404983519999,-48.71746749878,-49.07078475952,-50.64657821656,-52.04731521606,-51.1784378052,-50.6454345703,-51.02314910888,-52.15204467771999,-52.8804168701
R.Pinky_I_s_y,253.8212066652,222.4491912844,195.98793640139996,183.77327575660001,166.456427002,156.2783752442,150.03384704579997,145.370504761,145.82109069819998,148.49458313,149.6435485842,149.0186401366,148.6769226072,149.39143371580002,149.475860596
R.Pinky_I_s_z,-157.47498168942,-184.987765503,-95.16430435188,-26.513726234425995,29.172770595539998,66.79802780151999,94.8191070557,102.1469863892,104.90025482200001,109.606326294,112.36334686260003,112.58369903580001,111.90789031979998,111.8751098636,111.941207886
R.Pinky_I_e_x,47.695443344119994,-23.01224336622,-56.119636535640005,-62.9569793701,-55.9699546814,-43.35472869874,-37.94541397094,-38.49471206664,-40.21610641482,-41.512686157219996,-40.451986694320006,-39.85355606078,-40.33909454346001,-41.54699020384,-42.315254211399996
R.Pinky_I_e_y,241.143899536,212.2304992676,200.3817657472,192.4973693848,175.8666595462,166.412033081,159.8713775636,154.241622925,153.95423889159997,155.7678131104,156.202255249,155.37454223640003,155.29144287100002,156.09739379859997,156.231903076
R.Pinky_I_e_z,-160.71056213376,-175.5127471924,-90.78464813228001,-32.4267921448,22.282511997209998,58.88137817382001,85.88428344726,92.03821258546,94.04468841552,98.25226745606,100.7547103882,100.92162170399999,100.29050750740001,100.2375549318,100.296325684
R.Pinky_I_d_x,0.3206274598836,0.3443258970975999,-0.785977321863,-0.7861327052117999,-0.7295631527902,-0.6596753835678,-0.6294495224954,-0.6179977416992,-0.609489762783,-0.6155760765075999,-0.6267849206924,-0.6306080698968,-0.6243075609208001,-0.6196912407874,-0.617360293865
R.Pinky_I_d_y,0.7407805204392001,0.5971148312092,-0.25674712359900004,-0.5097800254824,-0.5498736023904,-0.5921458482744,-0.5748420119284001,-0.5183711528778001,-0.4752489447594,-0.4250008583066,-0.3832487106324,-0.37139810323719996,-0.38651010990119994,-0.3918532192708001,-0.394779741764
R.Pinky_I_d_z,0.189066636562,-0.55365923829368,-0.2559190630911,0.34552161097519996,0.4026224911212,0.46259813308719994,0.5220936238767999,0.5906917929652,0.6343295693394,0.6634582877158001,0.6783341765404001,0.6814568996429999,0.6788452625274,0.6800239324570001,0.680452167988
R.Pinky_D_s_x,47.695443344119994,-23.01224336622,-56.119636535640005,-62.9569793701,-55.9699546814,-43.35472869874,-37.94541397094,-38.49471206664,-40.21610641482,-41.512686157219996,-40.451986694320006,-39.85355606078,-40.33909454346001,-41.54699020384,-42.315254211399996
R.Pinky_D_s_y,241.143899536,212.2304992676,200.3817657472,192.4973693848,175.8666595462,166.412033081,159.8713775636,154.241622925,153.95423889159997,155.7678131104,156.202255249,155.37454223640003,155.29144287100002,156.09739379859997,156.231903076
R.Pinky_D_s_z,-160.71056213376,-175.5127471924,-90.78464813228001,-32.4267921448,22.282511997209998,58.88137817382001,85.88428344726,92.03821258546,94.04468841552,98.25226745606,100.7547103882,100.92162170399999,100.29050750740001,100.2375549318,100.296325684
R.Pinky_D_e_x,43.5004447937,-22.7941023886266,-45.79460906984,-58.03481369018,-53.37811203003999,-43.071250915540006,-38.16539611816,-39.26716308594,-41.37290344238001,-42.62434539794,-41.256239318860004,-40.53543243408,-41.13384780879999,-42.44155426028,-43.276725768999995
R.Pinky_D_e_y,230.5069152832,206.92367858880002,207.19797973640001,200.685498047,184.7901214602,175.8547790526,169.10979919419998,162.3881378174,161.5236724856,163.13854370099997,163.4130981446,162.46859436059998,162.44734191899997,163.2654693602,163.390899658
R.Pinky_D_e_z,-158.98383941666,-163.9576873778,-95.1393295288,-44.0742794037,10.477616906167999,47.12552566528,73.97064666748,79.37418365478,81.05218963624,85.14174041748,87.53338928219999,87.62995300293998,87.03842773436,86.9983352661,87.056854248
R.Pinky_D_d_x,0.2781504750254,-0.014463865757119998,-0.6846037209036,-0.32636551260939994,-0.17185281738628003,-0.018796074762931998,0.014585979003458,0.0512175694108,0.07670175284148,0.07370886355638,0.0533261962235,0.045212005823839996,0.052696328610160006,0.059314312040799996,0.0637506470084
R.Pinky_D_d_y,0.705288087762852,0.35187010318024,-0.4519509196282,-0.5429160475728001,-0.59167252779,-0.6261039733888,-0.6125560879708,-0.5401568293572,-0.5018934428690001,-0.488718265295,-0.4781169593332,-0.47037312984439994,-0.47447380423560004,-0.4752811968326,-0.47467932105099997
R.Pinky_D_d_z,-0.11449081208554801,-0.7661610960962,0.2887384042144,0.7722897291184,0.7827267408372001,0.7794751524924,0.7899369716644,0.8396918058396,0.8614713072776,0.869297003746,0.8766434192656,0.8813078403472,0.8786826968193999,0.8778300404548001,0.877846956253
R.Thumb.TTP,72.4745536804,71.71935882566,61.339057159419994,57.6463745117,57.73027267458,58.14206466675999,58.5998512268,59.20523910522,59.4171310425,59.49938430786,59.417510986340005,59.23421478272,58.86460876466,58.64973449706,58.6103973389
R.Index.TTP,82.55657424926001,84.88016357424002,81.19733734132,87.87542114255999,88.91063842774001,89.2975326538,90.32727661132,91.16870422364,91.7221298218,92.01090393064001,92.25127563478,92.62612609864,92.78548583986,92.93732147218,93.0736846924
R.Middle.TTP,84.85858993532,70.0902442932,42.79251098636,40.06093139648,39.79779129026,39.883303833,40.15500564574,40.5123146057,40.55407943726,40.49196243286,40.46788711548,40.462252807620004,40.4594833374,40.455445861819996,40.4516830444
R.Ring.TTP,77.8814048767,64.75158538818,38.52160110473999,34.84205093384,34.72279357912,34.653806304940005,34.72040786746,34.789778137220004,34.79729766848,34.78969802856,34.795971679679994,34.80776138306,34.815927124000005,34.81939697264,34.8208580017
R.Pinky.TTP,69.69481506348,60.991920471200004,41.01615142822,38.306041717540005,37.49875183106,37.23911361694,37.07571411132,36.981137084960004,36.9459159851,36.911624908440004,36.885378265359996,36.87373657226,36.866957092279996,36.86130142212001,36.8552818298
L.Thumb.TTP,0.0,0.0,0.0,0.0,0.0,0.0,0.0,0.0,0.0,0.0,0.0,0.0,0.0,0.0,0.0
L.Index.TTP,0.0,0.0,0.0,0.0,0.0,0.0,0.0,0.0,0.0,0.0,0.0,0.0,0.0,0.0,0.0
L.Middle.TTP,0.0,0.0,0.0,0.0,0.0,0.0,0.0,0.0,0.0,0.0,0.0,0.0,0.0,0.0,0.0
L.Ring.TTP,0.0,0.0,0.0,0.0,0.0,0.0,0.0,0.0,0.0,0.0,0.0,0.0,0.0,0.0,0.0
L.Pinky.TTP,0.0,0.0,0.0,0.0,0.0,0.0,0.0,0.0,0.0,0.0,0.0,0.0,0.0,0.0,0.0
R.Thumb.TNA,60.97584112433999,78.3565999596,106.81959109696,110.1839449756,103.34565138344001,97.62876580473998,96.69821080130001,100.66332072978,100.25111884836,96.44613508968,93.55929368622,91.89886348262,89.48005627676,88.83124050820001,89.60222286780001
R.Index.TNA,48.40993738858,42.866772679019995,70.33462942024,97.75741889978,94.41971080318,88.19067159274002,91.6983763883,93.5158002149,93.5481397969,91.3058021266,90.39911980842,91.98500441898,92.98400256284,92.65552387118,92.2537966139
R.Middle.TNA,45.02899567034,23.304987542200003,38.453994549,55.83591203019999,62.77486943894,67.00806359576,70.61417436906001,71.19886859968,72.6282037747,73.98800789172,74.57870480362001,74.25206573147999,74.27438444392,73.90876074506,73.5730547814
R.Ring.TNA,41.34927653962,18.044504428374,41.75659270048,65.06212881415999,73.30945752988,77.13129034468001,80.86689885254,80.98211151778,81.13473160250001,81.92563816239999,82.56200848111999,82.54390066596,82.6217633144,82.65203776634,82.5909695048
R.Pinky.TNA,41.51941811203999,20.023938633844,38.28178545472,64.96702485782001,76.05313662512,81.7133848834,86.63732474018,85.89992842097999,85.77589214228,86.14088714502,86.20875352508,86.21212114952,86.59451326747998,86.62144332934,86.5748528462
L.Thumb.TNA,0.0,0.0,0.0,0.0,0.0,0.0,0.0,0.0,0.0,0.0,0.0,0.0,0.0,0.0,0.0
L.Index.TNA,0.0,0.0,0.0,0.0,0.0,0.0,0.0,0.0,0.0,0.0,0.0,0.0,0.0,0.0,0.0
L.Middle.TNA,0.0,0.0,0.0,0.0,0.0,0.0,0.0,0.0,0.0,0.0,0.0,0.0,0.0,0.0,0.0
L.Ring.TNA,0.0,0.0,0.0,0.0,0.0,0.0,0.0,0.0,0.0,0.0,0.0,0.0,0.0,0.0,0.0
L.Pinky.TNA,0.0,0.0,0.0,0.0,0.0,0.0,0.0,0.0,0.0,0.0,0.0,0.0,0.0,0.0,0.0
R.Thumb_Index.ang,18.07645210038,39.153334593299995,43.442123255140004,20.814062911220002,18.66409710258,25.44642341364,18.15297911122,13.16304461212,9.617203075414,7.711707292849999,6.23702476169,4.032924970622,5.5171439507199995,6.702775493928,6.87141118536
R.Index_Middle.ang,33.182145617230006,39.00109463058,96.98866157758,127.0533367326,119.81218149680001,111.60228616859999,117.22678348499998,125.15943338920002,133.61313570839997,135.58764336200002,136.14884485879998,138.5589787916,139.0818489584,137.9766121032,136.855392699
R.Middle_Ring.ang,7.652736450461999,7.812576888088,8.298161274694,9.50575489907,10.91980677879,10.713616488080001,11.272225125560002,10.850456983412,8.782569845772,8.071723808148,8.0690827719,8.342674754226,8.42006707647,8.818860987948,9.107503921360001
R.Ring_Pinky.ang,5.432866231364001,13.499599913494,12.403846888004,4.298066371566,6.66276650254,7.715649798418001,7.969481075646,8.075877302772,8.365689815992,8.238133351513998,8.056874791526,8.222065894468,8.406170500312,8.350652019687999,8.383808052460001
L.Thumb_Index.ang,0.0,0.0,0.0,0.0,0.0,0.0,0.0,0.0,0.0,0.0,0.0,0.0,0.0,0.0,0.0
L.Index_Middle.ang,0.0,0.0,0.0,0.0,0.0,0.0,0.0,0.0,0.0,0.0,0.0,0.0,0.0,0.0,0.0
L.Middle_Ring.ang,0.0,0.0,0.0,0.0,0.0,0.0,0.0,0.0,0.0,0.0,0.0,0.0,0.0,0.0,0.0
L.Ring_Pinky.ang,0.0,0.0,0.0,0.0,0.0,0.0,0.0,0.0,0.0,0.0,0.0,0.0,0.0,0.0,0.0
R.sphere_center_x,28.537303352361995,-32.668667125694,-68.45547943116,-68.66516723634,-57.3913848877,-42.34316864014001,-34.735478973380005,-35.56969604492,-37.50045318604,-37.826103210439996,-35.75450897216,-34.97323760985999,-35.450136566160005,-36.536305236800004,-37.324043273899996
R.sphere_center_y,207.64454956059998,215.18656005859998,209.66195983899996,195.68035888659998,179.41457824719998,169.49092407220002,166.619204712,158.09105529779998,157.06491088880003,159.234591675,161.3436584472,162.9702667236,165.1694335938,166.8790496826,166.77406311
R.sphere_center_z,-125.09248046873999,-145.70190124520002,-71.96880874638,-9.771771994223798,44.7472930908,82.77791595457998,111.42572326659999,116.3400665284,117.80902709979998,121.2310363768,123.6280029298,124.381187439,124.539103699,124.88630371080001,124.945648193
L.sphere_center_x,0.0,0.0,0.0,0.0,0.0,0.0,0.0,0.0,0.0,0.0,0.0,0.0,0.0,0.0,0.0
L.sphere_center_y,0.0,0.0,0.0,0.0,0.0,0.0,0.0,0.0,0.0,0.0,0.0,0.0,0.0,0.0,0.0
L.sphere_center_z,0.0,0.0,0.0,0.0,0.0,0.0,0.0,0.0,0.0,0.0,0.0,0.0,0.0,0.0,0.0
