,0,1,2,3,4,5,6,7,8,9,10,11
hands,1.0,1.0,1.0,1.0,1.0,1.0,1.0,1.0,1.0,1.0,1.0,1.0
fingers,5.0,5.0,5.0,5.0,5.0,5.0,5.0,5.0,5.0,5.0,5.0,5.0
L.hand.palm_position_x,0.0,0.0,0.0,0.0,0.0,0.0,0.0,0.0,0.0,0.0,0.0,0.0
L.hand.palm_position_y,0.0,0.0,0.0,0.0,0.0,0.0,0.0,0.0,0.0,0.0,0.0,0.0
L.hand.palm_position_z,0.0,0.0,0.0,0.0,0.0,0.0,0.0,0.0,0.0,0.0,0.0,0.0
L.pitch,0.0,0.0,0.0,0.0,0.0,0.0,0.0,0.0,0.0,0.0,0.0,0.0
L.roll,0.0,0.0,0.0,0.0,0.0,0.0,0.0,0.0,0.0,0.0,0.0,0.0
L.yaw,0.0,0.0,0.0,0.0,0.0,0.0,0.0,0.0,0.0,0.0,0.0,0.0
L.Arm direction_x,0.0,0.0,0.0,0.0,0.0,0.0,0.0,0.0,0.0,0.0,0.0,0.0
L.Arm direction_y,0.0,0.0,0.0,0.0,0.0,0.0,0.0,0.0,0.0,0.0,0.0,0.0
L.Arm direction_z,0.0,0.0,0.0,0.0,0.0,0.0,0.0,0.0,0.0,0.0,0.0,0.0
L.wrist position_x,0.0,0.0,0.0,0.0,0.0,0.0,0.0,0.0,0.0,0.0,0.0,0.0
L.wrist position_y,0.0,0.0,0.0,0.0,0.0,0.0,0.0,0.0,0.0,0.0,0.0,0.0
L.wrist position_z,0.0,0.0,0.0,0.0,0.0,0.0,0.0,0.0,0.0,0.0,0.0,0.0
L.elbow position_x,0.0,0.0,0.0,0.0,0.0,0.0,0.0,0.0,0.0,0.0,0.0,0.0
L.elbow position_y,0.0,0.0,0.0,0.0,0.0,0.0,0.0,0.0,0.0,0.0,0.0,0.0
L.elbow position_z,0.0,0.0,0.0,0.0,0.0,0.0,0.0,0.0,0.0,0.0,0.0,0.0
L.Thumb_M_s_x,0.0,0.0,0.0,0.0,0.0,0.0,0.0,0.0,0.0,0.0,0.0,0.0
L.Thumb_M_s_y,0.0,0.0,0.0,0.0,0.0,0.0,0.0,0.0,0.0,0.0,0.0,0.0
L.Thumb_M_s_z,0.0,0.0,0.0,0.0,0.0,0.0,0.0,0.0,0.0,0.0,0.0,0.0
L.Thumb_M_e_x,0.0,0.0,0.0,0.0,0.0,0.0,0.0,0.0,0.0,0.0,0.0,0.0
L.Thumb_M_e_y,0.0,0.0,0.0,0.0,0.0,0.0,0.0,0.0,0.0,0.0,0.0,0.0
L.Thumb_M_e_z,0.0,0.0,0.0,0.0,0.0,0.0,0.0,0.0,0.0,0.0,0.0,0.0
L.Thumb_M_d_x,0.0,0.0,0.0,0.0,0.0,0.0,0.0,0.0,0.0,0.0,0.0,0.0
L.Thumb_M_d_y,0.0,0.0,0.0,0.0,0.0,0.0,0.0,0.0,0.0,0.0,0.0,0.0
L.Thumb_M_d_z,0.0,0.0,0.0,0.0,0.0,0.0,0.0,0.0,0.0,0.0,0.0,0.0
L.Thumb_P_s_x,0.0,0.0,0.0,0.0,0.0,0.0,0.0,0.0,0.0,0.0,0.0,0.0
L.Thumb_P_s_y,0.0,0.0,0.0,0.0,0.0,0.0,0.0,0.0,0.0,0.0,0.0,0.0
L.Thumb_P_s_z,0.0,0.0,0.0,0.0,0.0,0.0,0.0,0.0,0.0,0.0,0.0,0.0
L.Thumb_P_e_x,0.0,0.0,0.0,0.0,0.0,0.0,0.0,0.0,0.0,0.0,0.0,0.0
L.Thumb_P_e_y,0.0,0.0,0.0,0.0,0.0,0.0,0.0,0.0,0.0,0.0,0.0,0.0
L.Thumb_P_e_z,0.0,0.0,0.0,0.0,0.0,0.0,0.0,0.0,0.0,0.0,0.0,0.0
L.Thumb_P_d_x,0.0,0.0,0.0,0.0,0.0,0.0,0.0,0.0,0.0,0.0,0.0,0.0
L.Thumb_P_d_y,0.0,0.0,0.0,0.0,0.0,0.0,0.0,0.0,0.0,0.0,0.0,0.0
L.Thumb_P_d_z,0.0,0.0,0.0,0.0,0.0,0.0,0.0,0.0,0.0,0.0,0.0,0.0
L.Thumb_I_s_x,0.0,0.0,0.0,0.0,0.0,0.0,0.0,0.0,0.0,0.0,0.0,0.0
L.Thumb_I_s_y,0.0,0.0,0.0,0.0,0.0,0.0,0.0,0.0,0.0,0.0,0.0,0.0
L.Thumb_I_s_z,0.0,0.0,0.0,0.0,0.0,0.0,0.0,0.0,0.0,0.0,0.0,0.0
L.Thumb_I_e_x,0.0,0.0,0.0,0.0,0.0,0.0,0.0,0.0,0.0,0.0,0.0,0.0
L.Thumb_I_e_y,0.0,0.0,0.0,0.0,0.0,0.0,0.0,0.0,0.0,0.0,0.0,0.0
L.Thumb_I_e_z,0.0,0.0,0.0,0.0,0.0,0.0,0.0,0.0,0.0,0.0,0.0,0.0
L.Thumb_I_d_x,0.0,0.0,0.0,0.0,0.0,0.0,0.0,0.0,0.0,0.0,0.0,0.0
L.Thumb_I_d_y,0.0,0.0,0.0,0.0,0.0,0.0,0.0,0.0,0.0,0.0,0.0,0.0
L.Thumb_I_d_z,0.0,0.0,0.0,0.0,0.0,0.0,0.0,0.0,0.0,0.0,0.0,0.0
L.Thumb_D_s_x,0.0,0.0,0.0,0.0,0.0,0.0,0.0,0.0,0.0,0.0,0.0,0.0
L.Thumb_D_s_y,0.0,0.0,0.0,0.0,0.0,0.0,0.0,0.0,0.0,0.0,0.0,0.0
L.Thumb_D_s_z,0.0,0.0,0.0,0.0,0.0,0.0,0.0,0.0,0.0,0.0,0.0,0.0
L.Thumb_D_e_x,0.0,0.0,0.0,0.0,0.0,0.0,0.0,0.0,0.0,0.0,0.0,0.0
L.Thumb_D_e_y,0.0,0.0,0.0,0.0,0.0,0.0,0.0,0.0,0.0,0.0,0.0,0.0
L.Thumb_D_e_z,0.0,0.0,0.0,0.0,0.0,0.0,0.0,0.0,0.0,0.0,0.0,0.0
L.Thumb_D_d_x,0.0,0.0,0.0,0.0,0.0,0.0,0.0,0.0,0.0,0.0,0.0,0.0
L.Thumb_D_d_y,0.0,0.0,0.0,0.0,0.0,0.0,0.0,0.0,0.0,0.0,0.0,0.0
L.Thumb_D_d_z,0.0,0.0,0.0,0.0,0.0,0.0,0.0,0.0,0.0,0.0,0.0,0.0
L.Index_M_s_x,0.0,0.0,0.0,0.0,0.0,0.0,0.0,0.0,0.0,0.0,0.0,0.0
L.Index_M_s_y,0.0,0.0,0.0,0.0,0.0,0.0,0.0,0.0,0.0,0.0,0.0,0.0
L.Index_M_s_z,0.0,0.0,0.0,0.0,0.0,0.0,0.0,0.0,0.0,0.0,0.0,0.0
L.Index_M_e_x,0.0,0.0,0.0,0.0,0.0,0.0,0.0,0.0,0.0,0.0,0.0,0.0
L.Index_M_e_y,0.0,0.0,0.0,0.0,0.0,0.0,0.0,0.0,0.0,0.0,0.0,0.0
L.Index_M_e_z,0.0,0.0,0.0,0.0,0.0,0.0,0.0,0.0,0.0,0.0,0.0,0.0
L.Index_M_d_x,0.0,0.0,0.0,0.0,0.0,0.0,0.0,0.0,0.0,0.0,0.0,0.0
L.Index_M_d_y,0.0,0.0,0.0,0.0,0.0,0.0,0.0,0.0,0.0,0.0,0.0,0.0
L.Index_M_d_z,0.0,0.0,0.0,0.0,0.0,0.0,0.0,0.0,0.0,0.0,0.0,0.0
L.Index_P_s_x,0.0,0.0,0.0,0.0,0.0,0.0,0.0,0.0,0.0,0.0,0.0,0.0
L.Index_P_s_y,0.0,0.0,0.0,0.0,0.0,0.0,0.0,0.0,0.0,0.0,0.0,0.0
L.Index_P_s_z,0.0,0.0,0.0,0.0,0.0,0.0,0.0,0.0,0.0,0.0,0.0,0.0
L.Index_P_e_x,0.0,0.0,0.0,0.0,0.0,0.0,0.0,0.0,0.0,0.0,0.0,0.0
L.Index_P_e_y,0.0,0.0,0.0,0.0,0.0,0.0,0.0,0.0,0.0,0.0,0.0,0.0
L.Index_P_e_z,0.0,0.0,0.0,0.0,0.0,0.0,0.0,0.0,0.0,0.0,0.0,0.0
L.Index_P_d_x,0.0,0.0,0.0,0.0,0.0,0.0,0.0,0.0,0.0,0.0,0.0,0.0
L.Index_P_d_y,0.0,0.0,0.0,0.0,0.0,0.0,0.0,0.0,0.0,0.0,0.0,0.0
L.Index_P_d_z,0.0,0.0,0.0,0.0,0.0,0.0,0.0,0.0,0.0,0.0,0.0,0.0
L.Index_I_s_x,0.0,0.0,0.0,0.0,0.0,0.0,0.0,0.0,0.0,0.0,0.0,0.0
L.Index_I_s_y,0.0,0.0,0.0,0.0,0.0,0.0,0.0,0.0,0.0,0.0,0.0,0.0
L.Index_I_s_z,0.0,0.0,0.0,0.0,0.0,0.0,0.0,0.0,0.0,0.0,0.0,0.0
L.Index_I_e_x,0.0,0.0,0.0,0.0,0.0,0.0,0.0,0.0,0.0,0.0,0.0,0.0
L.Index_I_e_y,0.0,0.0,0.0,0.0,0.0,0.0,0.0,0.0,0.0,0.0,0.0,0.0
L.Index_I_e_z,0.0,0.0,0.0,0.0,0.0,0.0,0.0,0.0,0.0,0.0,0.0,0.0
L.Index_I_d_x,0.0,0.0,0.0,0.0,0.0,0.0,0.0,0.0,0.0,0.0,0.0,0.0
L.Index_I_d_y,0.0,0.0,0.0,0.0,0.0,0.0,0.0,0.0,0.0,0.0,0.0,0.0
L.Index_I_d_z,0.0,0.0,0.0,0.0,0.0,0.0,0.0,0.0,0.0,0.0,0.0,0.0
L.Index_D_s_x,0.0,0.0,0.0,0.0,0.0,0.0,0.0,0.0,0.0,0.0,0.0,0.0
L.Index_D_s_y,0.0,0.0,0.0,0.0,0.0,0.0,0.0,0.0,0.0,0.0,0.0,0.0
L.Index_D_s_z,0.0,0.0,0.0,0.0,0.0,0.0,0.0,0.0,0.0,0.0,0.0,0.0
L.Index_D_e_x,0.0,0.0,0.0,0.0,0.0,0.0,0.0,0.0,0.0,0.0,0.0,0.0
L.Index_D_e_y,0.0,0.0,0.0,0.0,0.0,0.0,0.0,0.0,0.0,0.0,0.0,0.0
L.Index_D_e_z,0.0,0.0,0.0,0.0,0.0,0.0,0.0,0.0,0.0,0.0,0.0,0.0
L.Index_D_d_x,0.0,0.0,0.0,0.0,0.0,0.0,0.0,0.0,0.0,0.0,0.0,0.0
L.Index_D_d_y,0.0,0.0,0.0,0.0,0.0,0.0,0.0,0.0,0.0,0.0,0.0,0.0
L.Index_D_d_z,0.0,0.0,0.0,0.0,0.0,0.0,0.0,0.0,0.0,0.0,0.0,0.0
L.Middle_M_s_x,0.0,0.0,0.0,0.0,0.0,0.0,0.0,0.0,0.0,0.0,0.0,0.0
L.Middle_M_s_y,0.0,0.0,0.0,0.0,0.0,0.0,0.0,0.0,0.0,0.0,0.0,0.0
L.Middle_M_s_z,0.0,0.0,0.0,0.0,0.0,0.0,0.0,0.0,0.0,0.0,0.0,0.0
L.Middle_M_e_x,0.0,0.0,0.0,0.0,0.0,0.0,0.0,0.0,0.0,0.0,0.0,0.0
L.Middle_M_e_y,0.0,0.0,0.0,0.0,0.0,0.0,0.0,0.0,0.0,0.0,0.0,0.0
L.Middle_M_e_z,0.0,0.0,0.0,0.0,0.0,0.0,0.0,0.0,0.0,0.0,0.0,0.0
L.Middle_M_d_x,0.0,0.0,0.0,0.0,0.0,0.0,0.0,0.0,0.0,0.0,0.0,0.0
L.Middle_M_d_y,0.0,0.0,0.0,0.0,0.0,0.0,0.0,0.0,0.0,0.0,0.0,0.0
L.Middle_M_d_z,0.0,0.0,0.0,0.0,0.0,0.0,0.0,0.0,0.0,0.0,0.0,0.0
L.Middle_P_s_x,0.0,0.0,0.0,0.0,0.0,0.0,0.0,0.0,0.0,0.0,0.0,0.0
L.Middle_P_s_y,0.0,0.0,0.0,0.0,0.0,0.0,0.0,0.0,0.0,0.0,0.0,0.0
L.Middle_P_s_z,0.0,0.0,0.0,0.0,0.0,0.0,0.0,0.0,0.0,0.0,0.0,0.0
L.Middle_P_e_x,0.0,0.0,0.0,0.0,0.0,0.0,0.0,0.0,0.0,0.0,0.0,0.0
L.Middle_P_e_y,0.0,0.0,0.0,0.0,0.0,0.0,0.0,0.0,0.0,0.0,0.0,0.0
L.Middle_P_e_z,0.0,0.0,0.0,0.0,0.0,0.0,0.0,0.0,0.0,0.0,0.0,0.0
L.Middle_P_d_x,0.0,0.0,0.0,0.0,0.0,0.0,0.0,0.0,0.0,0.0,0.0,0.0
L.Middle_P_d_y,0.0,0.0,0.0,0.0,0.0,0.0,0.0,0.0,0.0,0.0,0.0,0.0
L.Middle_P_d_z,0.0,0.0,0.0,0.0,0.0,0.0,0.0,0.0,0.0,0.0,0.0,0.0
L.Middle_I_s_x,0.0,0.0,0.0,0.0,0.0,0.0,0.0,0.0,0.0,0.0,0.0,0.0
L.Middle_I_s_y,0.0,0.0,0.0,0.0,0.0,0.0,0.0,0.0,0.0,0.0,0.0,0.0
L.Middle_I_s_z,0.0,0.0,0.0,0.0,0.0,0.0,0.0,0.0,0.0,0.0,0.0,0.0
L.Middle_I_e_x,0.0,0.0,0.0,0.0,0.0,0.0,0.0,0.0,0.0,0.0,0.0,0.0
L.Middle_I_e_y,0.0,0.0,0.0,0.0,0.0,0.0,0.0,0.0,0.0,0.0,0.0,0.0
L.Middle_I_e_z,0.0,0.0,0.0,0.0,0.0,0.0,0.0,0.0,0.0,0.0,0.0,0.0
L.Middle_I_d_x,0.0,0.0,0.0,0.0,0.0,0.0,0.0,0.0,0.0,0.0,0.0,0.0
L.Middle_I_d_y,0.0,0.0,0.0,0.0,0.0,0.0,0.0,0.0,0.0,0.0,0.0,0.0
L.Middle_I_d_z,0.0,0.0,0.0,0.0,0.0,0.0,0.0,0.0,0.0,0.0,0.0,0.0
L.Middle_D_s_x,0.0,0.0,0.0,0.0,0.0,0.0,0.0,0.0,0.0,0.0,0.0,0.0
L.Middle_D_s_y,0.0,0.0,0.0,0.0,0.0,0.0,0.0,0.0,0.0,0.0,0.0,0.0
L.Middle_D_s_z,0.0,0.0,0.0,0.0,0.0,0.0,0.0,0.0,0.0,0.0,0.0,0.0
L.Middle_D_e_x,0.0,0.0,0.0,0.0,0.0,0.0,0.0,0.0,0.0,0.0,0.0,0.0
L.Middle_D_e_y,0.0,0.0,0.0,0.0,0.0,0.0,0.0,0.0,0.0,0.0,0.0,0.0
L.Middle_D_e_z,0.0,0.0,0.0,0.0,0.0,0.0,0.0,0.0,0.0,0.0,0.0,0.0
L.Middle_D_d_x,0.0,0.0,0.0,0.0,0.0,0.0,0.0,0.0,0.0,0.0,0.0,0.0
L.Middle_D_d_y,0.0,0.0,0.0,0.0,0.0,0.0,0.0,0.0,0.0,0.0,0.0,0.0
L.Middle_D_d_z,0.0,0.0,0.0,0.0,0.0,0.0,0.0,0.0,0.0,0.0,0.0,0.0
L.Ring_M_s_x,0.0,0.0,0.0,0.0,0.0,0.0,0.0,0.0,0.0,0.0,0.0,0.0
L.Ring_M_s_y,0.0,0.0,0.0,0.0,0.0,0.0,0.0,0.0,0.0,0.0,0.0,0.0
L.Ring_M_s_z,0.0,0.0,0.0,0.0,0.0,0.0,0.0,0.0,0.0,0.0,0.0,0.0
L.Ring_M_e_x,0.0,0.0,0.0,0.0,0.0,0.0,0.0,0.0,0.0,0.0,0.0,0.0
L.Ring_M_e_y,0.0,0.0,0.0,0.0,0.0,0.0,0.0,0.0,0.0,0.0,0.0,0.0
L.Ring_M_e_z,0.0,0.0,0.0,0.0,0.0,0.0,0.0,0.0,0.0,0.0,0.0,0.0
L.Ring_M_d_x,0.0,0.0,0.0,0.0,0.0,0.0,0.0,0.0,0.0,0.0,0.0,0.0
L.Ring_M_d_y,0.0,0.0,0.0,0.0,0.0,0.0,0.0,0.0,0.0,0.0,0.0,0.0
L.Ring_M_d_z,0.0,0.0,0.0,0.0,0.0,0.0,0.0,0.0,0.0,0.0,0.0,0.0
L.Ring_P_s_x,0.0,0.0,0.0,0.0,0.0,0.0,0.0,0.0,0.0,0.0,0.0,0.0
L.Ring_P_s_y,0.0,0.0,0.0,0.0,0.0,0.0,0.0,0.0,0.0,0.0,0.0,0.0
L.Ring_P_s_z,0.0,0.0,0.0,0.0,0.0,0.0,0.0,0.0,0.0,0.0,0.0,0.0
L.Ring_P_e_x,0.0,0.0,0.0,0.0,0.0,0.0,0.0,0.0,0.0,0.0,0.0,0.0
L.Ring_P_e_y,0.0,0.0,0.0,0.0,0.0,0.0,0.0,0.0,0.0,0.0,0.0,0.0
L.Ring_P_e_z,0.0,0.0,0.0,0.0,0.0,0.0,0.0,0.0,0.0,0.0,0.0,0.0
L.Ring_P_d_x,0.0,0.0,0.0,0.0,0.0,0.0,0.0,0.0,0.0,0.0,0.0,0.0
L.Ring_P_d_y,0.0,0.0,0.0,0.0,0.0,0.0,0.0,0.0,0.0,0.0,0.0,0.0
L.Ring_P_d_z,0.0,0.0,0.0,0.0,0.0,0.0,0.0,0.0,0.0,0.0,0.0,0.0
L.Ring_I_s_x,0.0,0.0,0.0,0.0,0.0,0.0,0.0,0.0,0.0,0.0,0.0,0.0
L.Ring_I_s_y,0.0,0.0,0.0,0.0,0.0,0.0,0.0,0.0,0.0,0.0,0.0,0.0
L.Ring_I_s_z,0.0,0.0,0.0,0.0,0.0,0.0,0.0,0.0,0.0,0.0,0.0,0.0
L.Ring_I_e_x,0.0,0.0,0.0,0.0,0.0,0.0,0.0,0.0,0.0,0.0,0.0,0.0
L.Ring_I_e_y,0.0,0.0,0.0,0.0,0.0,0.0,0.0,0.0,0.0,0.0,0.0,0.0
L.Ring_I_e_z,0.0,0.0,0.0,0.0,0.0,0.0,0.0,0.0,0.0,0.0,0.0,0.0
L.Ring_I_d_x,0.0,0.0,0.0,0.0,0.0,0.0,0.0,0.0,0.0,0.0,0.0,0.0
L.Ring_I_d_y,0.0,0.0,0.0,0.0,0.0,0.0,0.0,0.0,0.0,0.0,0.0,0.0
L.Ring_I_d_z,0.0,0.0,0.0,0.0,0.0,0.0,0.0,0.0,0.0,0.0,0.0,0.0
L.Ring_D_s_x,0.0,0.0,0.0,0.0,0.0,0.0,0.0,0.0,0.0,0.0,0.0,0.0
L.Ring_D_s_y,0.0,0.0,0.0,0.0,0.0,0.0,0.0,0.0,0.0,0.0,0.0,0.0
L.Ring_D_s_z,0.0,0.0,0.0,0.0,0.0,0.0,0.0,0.0,0.0,0.0,0.0,0.0
L.Ring_D_e_x,0.0,0.0,0.0,0.0,0.0,0.0,0.0,0.0,0.0,0.0,0.0,0.0
L.Ring_D_e_y,0.0,0.0,0.0,0.0,0.0,0.0,0.0,0.0,0.0,0.0,0.0,0.0
L.Ring_D_e_z,0.0,0.0,0.0,0.0,0.0,0.0,0.0,0.0,0.0,0.0,0.0,0.0
L.Ring_D_d_x,0.0,0.0,0.0,0.0,0.0,0.0,0.0,0.0,0.0,0.0,0.0,0.0
L.Ring_D_d_y,0.0,0.0,0.0,0.0,0.0,0.0,0.0,0.0,0.0,0.0,0.0,0.0
L.Ring_D_d_z,0.0,0.0,0.0,0.0,0.0,0.0,0.0,0.0,0.0,0.0,0.0,0.0
L.Pinky_M_s_x,0.0,0.0,0.0,0.0,0.0,0.0,0.0,0.0,0.0,0.0,0.0,0.0
L.Pinky_M_s_y,0.0,0.0,0.0,0.0,0.0,0.0,0.0,0.0,0.0,0.0,0.0,0.0
L.Pinky_M_s_z,0.0,0.0,0.0,0.0,0.0,0.0,0.0,0.0,0.0,0.0,0.0,0.0
L.Pinky_M_e_x,0.0,0.0,0.0,0.0,0.0,0.0,0.0,0.0,0.0,0.0,0.0,0.0
L.Pinky_M_e_y,0.0,0.0,0.0,0.0,0.0,0.0,0.0,0.0,0.0,0.0,0.0,0.0
L.Pinky_M_e_z,0.0,0.0,0.0,0.0,0.0,0.0,0.0,0.0,0.0,0.0,0.0,0.0
L.Pinky_M_d_x,0.0,0.0,0.0,0.0,0.0,0.0,0.0,0.0,0.0,0.0,0.0,0.0
L.Pinky_M_d_y,0.0,0.0,0.0,0.0,0.0,0.0,0.0,0.0,0.0,0.0,0.0,0.0
L.Pinky_M_d_z,0.0,0.0,0.0,0.0,0.0,0.0,0.0,0.0,0.0,0.0,0.0,0.0
L.Pinky_P_s_x,0.0,0.0,0.0,0.0,0.0,0.0,0.0,0.0,0.0,0.0,0.0,0.0
L.Pinky_P_s_y,0.0,0.0,0.0,0.0,0.0,0.0,0.0,0.0,0.0,0.0,0.0,0.0
L.Pinky_P_s_z,0.0,0.0,0.0,0.0,0.0,0.0,0.0,0.0,0.0,0.0,0.0,0.0
L.Pinky_P_e_x,0.0,0.0,0.0,0.0,0.0,0.0,0.0,0.0,0.0,0.0,0.0,0.0
L.Pinky_P_e_y,0.0,0.0,0.0,0.0,0.0,0.0,0.0,0.0,0.0,0.0,0.0,0.0
L.Pinky_P_e_z,0.0,0.0,0.0,0.0,0.0,0.0,0.0,0.0,0.0,0.0,0.0,0.0
L.Pinky_P_d_x,0.0,0.0,0.0,0.0,0.0,0.0,0.0,0.0,0.0,0.0,0.0,0.0
L.Pinky_P_d_y,0.0,0.0,0.0,0.0,0.0,0.0,0.0,0.0,0.0,0.0,0.0,0.0
L.Pinky_P_d_z,0.0,0.0,0.0,0.0,0.0,0.0,0.0,0.0,0.0,0.0,0.0,0.0
L.Pinky_I_s_x,0.0,0.0,0.0,0.0,0.0,0.0,0.0,0.0,0.0,0.0,0.0,0.0
L.Pinky_I_s_y,0.0,0.0,0.0,0.0,0.0,0.0,0.0,0.0,0.0,0.0,0.0,0.0
L.Pinky_I_s_z,0.0,0.0,0.0,0.0,0.0,0.0,0.0,0.0,0.0,0.0,0.0,0.0
L.Pinky_I_e_x,0.0,0.0,0.0,0.0,0.0,0.0,0.0,0.0,0.0,0.0,0.0,0.0
L.Pinky_I_e_y,0.0,0.0,0.0,0.0,0.0,0.0,0.0,0.0,0.0,0.0,0.0,0.0
L.Pinky_I_e_z,0.0,0.0,0.0,0.0,0.0,0.0,0.0,0.0,0.0,0.0,0.0,0.0
L.Pinky_I_d_x,0.0,0.0,0.0,0.0,0.0,0.0,0.0,0.0,0.0,0.0,0.0,0.0
L.Pinky_I_d_y,0.0,0.0,0.0,0.0,0.0,0.0,0.0,0.0,0.0,0.0,0.0,0.0
L.Pinky_I_d_z,0.0,0.0,0.0,0.0,0.0,0.0,0.0,0.0,0.0,0.0,0.0,0.0
L.Pinky_D_s_x,0.0,0.0,0.0,0.0,0.0,0.0,0.0,0.0,0.0,0.0,0.0,0.0
L.Pinky_D_s_y,0.0,0.0,0.0,0.0,0.0,0.0,0.0,0.0,0.0,0.0,0.0,0.0
L.Pinky_D_s_z,0.0,0.0,0.0,0.0,0.0,0.0,0.0,0.0,0.0,0.0,0.0,0.0
L.Pinky_D_e_x,0.0,0.0,0.0,0.0,0.0,0.0,0.0,0.0,0.0,0.0,0.0,0.0
L.Pinky_D_e_y,0.0,0.0,0.0,0.0,0.0,0.0,0.0,0.0,0.0,0.0,0.0,0.0
L.Pinky_D_e_z,0.0,0.0,0.0,0.0,0.0,0.0,0.0,0.0,0.0,0.0,0.0,0.0
L.Pinky_D_d_x,0.0,0.0,0.0,0.0,0.0,0.0,0.0,0.0,0.0,0.0,0.0,0.0
L.Pinky_D_d_y,0.0,0.0,0.0,0.0,0.0,0.0,0.0,0.0,0.0,0.0,0.0,0.0
L.Pinky_D_d_z,0.0,0.0,0.0,0.0,0.0,0.0,0.0,0.0,0.0,0.0,0.0,0.0
R.hand.palm_position_x,22.8109363556,21.263693237300004,21.531947708140002,20.65570220946,19.7966518402,19.26766433716,20.16787719726,22.82053451538,23.653690719620002,23.8728931427,23.890296554560003,23.52491950988
R.hand.palm_position_y,231.2207916258,259.19357299800004,259.11953124999997,257.9274963378,256.3145080566,255.58202514659996,254.941748047,254.0657806396,252.1695617678,251.77866516120002,251.4834075926,250.9388763428
R.hand.palm_position_z,-130.41856689445999,-176.28359069820002,-176.3193359374,-175.7560913086,-175.199484253,-175.180477905,-175.29407348639998,-175.83782348640003,-175.61301269519998,-175.63737792959998,-175.8589477538,-176.04444580060002
R.pitch,-10.877273858074002,-11.517261139359999,-10.788040252959998,-11.001567678359999,-11.44367916904,-11.185590222979998,-11.69172688314,-11.48666633112,-11.3461273326,-11.28838013156,-10.98030683602,-10.72107332094
R.roll,-19.015907862848003,-23.57686662588,-22.618962636440003,-19.5084251257,-17.18316813336,-15.982317727380002,-14.08900822112,-12.0614916433,-11.14720473014,-11.17277064074,-11.21051102222,-10.981371320980001
R.yaw,-4.96225099372,-4.458505412021999,-4.253640203402,-4.4527878606,-4.486809887028,-4.215117253014,-3.390480970694,-2.090159274344,-1.6137111416259997,-1.4037987646560002,-1.29069966724,-1.251454018796
R.Arm direction_x,0.31205891109996003,0.398027163744,0.398213303089,0.397357082367,0.3965335965156,0.395872926712,0.3958941996098,0.39814844727539994,0.3994353950024,0.3995734751224,0.3996895313264,0.399322527647
R.Arm direction_y,0.6119947791097999,0.6385527133940001,0.6382652282714,0.6386168837548001,0.6380045413969999,0.6370971441269999,0.637108373642,0.6353274822236,0.6334980130193999,0.6331587195396,0.63238093853,0.631664121151
R.Arm direction_z,-0.7000235795973999,-0.658653652668,-0.6588198304176,-0.6589960217476,-0.6600839376448,-0.6613560199738,-0.6613324284552001,-0.6616915822032,-0.6626699686054,-0.6629110217094001,-0.6635829925536,-0.664486193657
R.wrist position_x,32.098527145380004,29.301323699939996,29.366580963140002,28.63022766112,27.739494705200002,26.91306381226,26.885359573360006,28.10622024536,28.40153350832,28.40620040894,28.316235733040003,27.912284469600003
R.wrist position_y,237.0694992066,264.7697387694001,264.0966247558,263.52210693359996,262.67235107420004,261.8643432614,262.0249511718,261.2883117676,259.41101074219995,258.97149047880004,258.3735839844,257.60665893540005
R.wrist position_z,-63.914575195199994,-109.8626586914,-109.7883575438,-109.36169738779999,-108.92673034679999,-108.8478286744,-108.9685592652,-109.3520721438,-109.06667327900001,-109.0563980102,-109.21035766600001,-109.35041046159999
R.elbow position_x,-45.19375381472,-69.28399353027999,-69.26484069824001,-69.78912048341999,-70.47588653561999,-71.1386795044,-71.17165527344,-70.50913543702,-70.53257904054001,-70.56211547852,-70.6808242798,-70.99387054444
R.elbow position_y,85.48763943915439,106.60987091079998,106.00796508799999,105.34634246819999,104.6482528688,104.0650024416,104.22283782960001,103.92729644779999,102.50311431899999,102.1476348874,101.7423767088,101.152999878
R.elbow position_z,109.47069549553999,53.27589950564,53.39136276244,53.86166763306001,54.56609420776001,54.96006927492,54.83349456788001,54.53894042969999,55.06667022706,55.13665008544001,55.149128723160004,55.2327819824
R.Thumb_M_s_x,7.65369825364,5.37864894867,5.438834285735999,4.682979106904,3.835830068588,3.0662042140960004,3.2316027164460004,4.746116256713999,5.177115917206,5.204486083982,5.1184408187859995,4.7266664505
R.Thumb_M_s_y,241.89244079600002,271.9832092284,270.9292907714,268.8953552246,266.90136108400003,265.5172058106,264.65214233399996,262.8340393066,260.475488281,260.0280273436,259.4599853518,258.60166015619996
R.Thumb_M_s_z,-77.50784606940002,-123.73685607899999,-123.60654296880003,-122.824623108,-122.1870803834,-122.11473693819998,-122.4203338624,-123.1733795168,-123.01257934559999,-123.09579925520002,-123.3124328616,-123.4604110718
R.Thumb_M_e_x,7.65369825364,5.37864894867,5.438834285735999,4.682979106904,3.835830068588,3.0662042140960004,3.2316027164460004,4.746116256713999,5.177115917206,5.204486083982,5.1184408187859995,4.7266664505
R.Thumb_M_e_y,241.89244079600002,271.9832092284,270.9292907714,268.8953552246,266.90136108400003,265.5172058106,264.65214233399996,262.8340393066,260.475488281,260.0280273436,259.4599853518,258.60166015619996
R.Thumb_M_e_z,-77.50784606940002,-123.73685607899999,-123.60654296880003,-122.824623108,-122.1870803834,-122.11473693819998,-122.4203338624,-123.1733795168,-123.01257934559999,-123.09579925520002,-123.3124328616,-123.4604110718
R.Thumb_M_d_x,0.0,0.0,0.0,0.0,0.0,0.0,0.0,0.0,0.0,0.0,0.0,0.0
R.Thumb_M_d_y,0.0,0.0,0.0,0.0,0.0,0.0,0.0,0.0,0.0,0.0,0.0,0.0
R.Thumb_M_d_z,0.0,0.0,0.0,0.0,0.0,0.0,0.0,0.0,0.0,0.0,0.0,0.0
R.Thumb_P_s_x,7.65369825364,5.37864894867,5.438834285735999,4.682979106904,3.835830068588,3.0662042140960004,3.2316027164460004,4.746116256713999,5.177115917206,5.204486083982,5.1184408187859995,4.7266664505
R.Thumb_P_s_y,241.89244079600002,271.9832092284,270.9292907714,268.8953552246,266.90136108400003,265.5172058106,264.65214233399996,262.8340393066,260.475488281,260.0280273436,259.4599853518,258.60166015619996
R.Thumb_P_s_z,-77.50784606940002,-123.73685607899999,-123.60654296880003,-122.824623108,-122.1870803834,-122.11473693819998,-122.4203338624,-123.1733795168,-123.01257934559999,-123.09579925520002,-123.3124328616,-123.4604110718
R.Thumb_P_e_x,-24.696866512297998,-28.631475067140002,-29.06982231138,-30.6337375641,-31.45465812682,-32.04238090516,-31.27892456054,-28.738096618660002,-27.992958450319996,-27.992817688000002,-28.115286254860003,-28.625178146359996
R.Thumb_P_e_y,240.16925048840002,272.123626709,270.6437438964,266.4139526368,263.3713073732,261.78966674800006,259.7296386718,257.1286865234,254.35149230939996,253.6875305174,253.05414733920003,252.09516601560003
R.Thumb_P_e_z,-109.43121337884,-154.39920654280002,-153.7021270754,-151.85934143080001,-151.1527832032,-151.27579650860002,-152.1020446778,-153.88328857419998,-153.98253784180002,-153.9930633546,-154.1570190428,-154.15602417
R.Thumb_P_d_x,0.7064678788184,0.7427090883256,0.7535960435868001,0.7712422847748001,0.7706696033478,0.7666971325874001,0.7536368966104,0.73122433424,0.724364244938,0.724958896637,0.7257542610168,0.7283336758614
R.Thumb_P_d_y,0.03763082576915,-0.003066420392132,0.006235739462140741,0.05418857708572,0.0770889058709,0.08140155673028,0.10749705880888001,0.12459282577040001,0.1337351173164,0.13846303820599998,0.13988994956019998,0.142088061571
R.Thumb_P_d_z,0.6971387863158001,0.6696008205412001,0.6572238802912,0.6340567469596,0.6325496673584,0.6368157625198,0.6481857299806,0.6706394076346001,0.676318371296,0.6747308969496,0.6735805034636001,0.6703272342683999
R.Thumb_I_s_x,-24.696866512297998,-28.631475067140002,-29.06982231138,-30.6337375641,-31.45465812682,-32.04238090516,-31.27892456054,-28.738096618660002,-27.992958450319996,-27.992817688000002,-28.115286254860003,-28.625178146359996
R.Thumb_I_s_y,240.16925048840002,272.123626709,270.6437438964,266.4139526368,263.3713073732,261.78966674800006,259.7296386718,257.1286865234,254.35149230939996,253.6875305174,253.05414733920003,252.09516601560003
R.Thumb_I_s_z,-109.43121337884,-154.39920654280002,-153.7021270754,-151.85934143080001,-151.1527832032,-151.27579650860002,-152.1020446778,-153.88328857419998,-153.98253784180002,-153.9930633546,-154.1570190428,-154.15602417
R.Thumb_I_e_x,-48.126953506460005,-54.4366081238,-55.35309906008,-57.7826072693,-58.77787857057999,-59.28623580932,-58.29735260012001,-55.39502639770001,-54.57208023072,-54.60125122072001,-54.71682739257999,-55.2568206787
R.Thumb_I_e_y,240.41785278336002,275.01109008779997,273.4340515136,267.9621276854,264.30021972659995,262.49170532200003,259.619378662,256.6908355714,253.6799438476,252.87093505860003,252.1221496582,250.97615356440002
R.Thumb_I_e_z,-131.87337188744,-175.01088562019999,-173.7113952638,-170.8179168702,-169.9059509278,-170.15337524399996,-171.3097198486,-173.58894348139998,-173.7865966798,-173.7523742676,-173.9204223632,-173.86916198720002
R.Thumb_I_d_x,0.7067308366298,0.778370344639,0.792792725563,0.8189020395277999,0.8241610407827998,0.8217670559884,0.8149673700336001,0.8040633559225998,0.8017164230348002,0.8026005506516001,0.8023926496506,0.8033006310462
R.Thumb_I_d_y,-0.007498683035420001,-0.08709568977354,-0.08416513651608,-0.04669821187854,-0.028019148111320002,-0.021175864338899997,0.0033258158946379997,0.013207068666800001,0.02025617808106,0.02463128603994,0.028112209215760003,0.033753209561100006
R.Thumb_I_d_z,0.6769315600393999,0.6217181563378,0.6035473585128,0.5718549847605999,0.5656591653826,0.5694117903712,0.5793686032296,0.5943893432618,0.5973575592042,0.5960077762604,0.5961312413218,0.5946150779725999
R.Thumb_D_s_x,-48.126953506460005,-54.4366081238,-55.35309906008,-57.7826072693,-58.77787857057999,-59.28623580932,-58.29735260012001,-55.39502639770001,-54.57208023072,-54.60125122072001,-54.71682739257999,-55.2568206787
R.Thumb_D_s_y,240.41785278336002,275.01109008779997,273.4340515136,267.9621276854,264.30021972659995,262.49170532200003,259.619378662,256.6908355714,253.6799438476,252.87093505860003,252.1221496582,250.97615356440002
R.Thumb_D_s_z,-131.87337188744,-175.01088562019999,-173.7113952638,-170.8179168702,-169.9059509278,-170.15337524399996,-171.3097198486,-173.58894348139998,-173.7865966798,-173.7523742676,-173.9204223632,-173.86916198720002
R.Thumb_D_e_x,-65.10008621218,-73.46844940183999,-74.68224945068,-77.79529571534,-79.0560760498,-79.638520813,-78.75677642820001,-75.88490753175999,-75.09815826413998,-75.13688812254,-75.2565979004,-75.82700195312
R.Thumb_D_e_y,245.89361724862002,283.37135620140003,281.47303466799997,275.15844116220006,271.2475708008,269.1583557128,265.7718872072,262.5710021972,259.241345215,258.24929199219997,257.336254883,255.93321228
R.Thumb_D_e_z,-143.3173950195,-184.27022094720002,-182.6301971434,-178.9070373534,-177.54675903319998,-177.8459930422,-179.1449035646,-181.55358581519997,-181.88584594740001,-181.9508392334,-182.21366271979997,-182.244555664
R.Thumb_D_d_x,0.7458608865738,0.8363280534744,0.8493930220604001,0.8794300556182,0.8910974979401999,0.8943531751632001,0.899061179161,0.9003996610643998,0.9019902110098,0.9024103283881999,0.9025918364523999,0.9039282679558
R.Thumb_D_d_y,-0.2406248986722,-0.3673803806304,-0.35326210856460005,-0.31623209714899997,-0.3052917897702,-0.29295679330839997,-0.270363509655,-0.2583958387376,-0.24438811838639998,-0.2363445013762,-0.229126650095,-0.217831116915
R.Thumb_D_d_z,0.5028917968273999,0.40688873529440006,0.3919245302678,0.3554652750496,0.3357648015024,0.3380415141584,0.34430634379400005,0.3499952614308,0.355910348892,0.36027027964619995,0.364434993267,0.3680451273918
R.Index_M_s_x,19.29905204772,18.427509689340003,18.3142238617,16.76560287476,15.322790908800002,14.29626426698,14.103516769399999,15.303117752099999,15.566863250739999,15.6382835388,15.585260963439998,15.139116477959998
R.Index_M_s_y,253.9500427246,283.14658813479997,282.47918090840005,281.0914062502,279.49989013680005,278.4317321778,277.86147460940003,276.52311401360004,274.3798400878,273.9477722168,273.4444091798,272.6854858398
R.Index_M_s_z,-90.78198699966,-137.0758026124,-136.7839233396,-136.16605224619997,-135.68351745600003,-135.52861022960002,-135.84096069339998,-136.36371765159998,-136.110876465,-136.1425964356,-136.26307373039998,-136.347164917
R.Index_M_e_x,0.18647186756000012,-0.7764746665952,-0.6001739442348,-2.07542181015,-3.3073562145240003,-3.9070253372180006,-2.952499485016,-0.058624032139799984,0.8543449759484,1.156791925432,1.2224859237680001,0.8481042385101999
R.Index_M_e_y,236.1074539184,265.54353637699995,265.44321899420004,263.0969299318,260.48046264659996,259.4042114256,257.803161621,256.1679473878,253.95567932119997,253.58265075659997,253.42233276359997,252.8982971192
R.Index_M_e_z,-152.98158187864001,-199.3338012694,-199.2882263182,-198.4212493898,-197.699258423,-197.668399048,-197.975704956,-198.84891967779998,-198.7301513672,-198.83492126480002,-199.09286499019998,-199.26787109359998
R.Index_M_d_x,0.283194720745,0.2845490872859999,0.280258232355,0.2791710495948,0.2760464429856,0.26972158551200004,0.25272222757359997,0.2276178389788,0.2179981946946,0.2145750135184,0.2128159791232,0.21175265908239999
R.Index_M_d_y,0.26437702775,0.26082777380960004,0.2524250864984,0.26662757992739994,0.2818144738674,0.28193436861019994,0.2972078382972,0.30160636305800004,0.3026286900044,0.30175387263299996,0.2966709256172,0.29319056272499994
R.Index_M_d_z,0.9216232180596,0.9224886298178001,0.9261381387712,0.9224471092222,0.9188990354537999,0.9207369923589999,0.9206623077394,0.9258550763132,0.927841770649,0.9289240956306001,0.9309610009192,0.9323081374168
R.Index_P_s_x,0.18647186756000012,-0.7764746665952,-0.6001739442348,-2.07542181015,-3.3073562145240003,-3.9070253372180006,-2.952499485016,-0.058624032139799984,0.8543449759484,1.156791925432,1.2224859237680001,0.8481042385101999
R.Index_P_s_y,236.1074539184,265.54353637699995,265.44321899420004,263.0969299318,260.48046264659996,259.4042114256,257.803161621,256.1679473878,253.95567932119997,253.58265075659997,253.42233276359997,252.8982971192
R.Index_P_s_z,-152.98158187864001,-199.3338012694,-199.2882263182,-198.4212493898,-197.699258423,-197.668399048,-197.975704956,-198.84891967779998,-198.7301513672,-198.83492126480002,-199.09286499019998,-199.26787109359998
R.Index_P_e_x,-1.708351039886,-1.9147279024119999,-2.0240324258799998,-3.788412237166,-5.320295333862001,-6.020647907256,-4.816652441026,-1.686851549148,-0.8153934001932001,-0.24700772389772002,0.072210172750016,-0.28167988732464
R.Index_P_e_y,229.751145935,260.6052612304,260.986529541,258.3924743652,256.296533203,255.27466430660002,253.5145904542,252.95708923360002,250.8927093506,250.12911682140003,249.59957580560004,248.7183197022
R.Index_P_e_z,-194.05978469832,-240.79952392599998,-240.7991973876,-239.89427185059998,-239.21449890139996,-239.18419494620002,-239.4851348878,-240.4673187254,-240.35847778320004,-240.4423400878,-240.6759765626,-240.8170135498
R.Index_P_d_x,0.04535849280656,0.027247637882820003,0.03408449254932,0.0410057656467,0.04818597212434,0.050596144795419996,0.04462431222202,0.0389767035842,0.03997038975356,0.0336043201387,0.027535435184839994,0.027044903486939997
R.Index_P_d_y,0.152158050239,0.1182130038738,0.10668475627900001,0.11261580884460001,0.10015539079897999,0.09885358065368001,0.10266032218943999,0.07686190456152,0.07332172989843999,0.08267110139132,0.09150960147382,0.10006078332664
R.Index_P_d_z,0.9833348989488,0.9926112651825999,0.9936945080758,0.9927860736846,0.993796682358,0.9938099861146,0.9936576128005999,0.9962661981584,0.9965036869049999,0.9960032820701998,0.995421373844,0.9946081757544001
R.Index_I_s_x,-1.708351039886,-1.9147279024119999,-2.0240324258799998,-3.788412237166,-5.320295333862001,-6.020647907256,-4.816652441026,-1.686851549148,-0.8153934001932001,-0.24700772389772002,0.072210172750016,-0.28167988732464
R.Index_I_s_y,229.751145935,260.6052612304,260.986529541,258.3924743652,256.296533203,255.27466430660002,253.5145904542,252.95708923360002,250.8927093506,250.12911682140003,249.59957580560004,248.7183197022
R.Index_I_s_z,-194.05978469832,-240.79952392599998,-240.7991973876,-239.89427185059998,-239.21449890139996,-239.18419494620002,-239.4851348878,-240.4673187254,-240.35847778320004,-240.4423400878,-240.6759765626,-240.8170135498
R.Index_I_e_x,-4.371613025665999,-4.547058582308,-4.753009605408,-6.414294910432,-7.947356510162001,-8.561733436584001,-7.016753387452001,-3.5786648273460004,-2.6266863346100005,-1.8901306390760002,-1.409791111948,-1.7194402694719997
R.Index_I_e_y,221.81983184806,252.89497680660003,253.4805114744,250.60973205559998,248.61806335459997,247.727963257,245.98102722160002,246.0496368408,244.21731567399996,243.32526245120002,242.6804168702,241.661203003
R.Index_I_e_z,-216.00250358583997,-262.8441223142,-262.9023376464,-261.9140319824,-261.2707458494,-261.29603881820003,-261.63615112300005,-262.851043701,-262.8195922852,-262.877746582,-263.0874084472,-263.18816528300005
R.Index_I_d_x,0.1133204966786,0.1120044201612,0.11611665189239999,0.1117300331592,0.11178020089860001,0.1081219643354,0.0936132535339,0.08049575984478001,0.07706964313984,0.06991408020258,0.06305845230818,0.06117600575088
R.Index_I_d_y,0.337473553419,0.32806894779199997,0.31937742233259997,0.33115189671519996,0.3267152369022,0.3211084961894,0.3205495417116,0.2939088344574,0.2840347826478,0.2895006895064,0.2944069385526,0.3002768933776
R.Index_I_d_z,0.9336519956588001,0.9379872322084001,0.9404778718948,0.9369301080701999,0.9384827852248,0.9408482909202001,0.9425152420998,0.95241689682,0.9557096004488,0.9546156287194,0.9535958051684,0.9518816590308001
R.Index_D_s_x,-4.371613025665999,-4.547058582308,-4.753009605408,-6.414294910432,-7.947356510162001,-8.561733436584001,-7.016753387452001,-3.5786648273460004,-2.6266863346100005,-1.8901306390760002,-1.409791111948,-1.7194402694719997
R.Index_D_s_y,221.81983184806,252.89497680660003,253.4805114744,250.60973205559998,248.61806335459997,247.727963257,245.98102722160002,246.0496368408,244.21731567399996,243.32526245120002,242.6804168702,241.661203003
R.Index_D_s_z,-216.00250358583997,-262.8441223142,-262.9023376464,-261.9140319824,-261.2707458494,-261.29603881820003,-261.63615112300005,-262.851043701,-262.8195922852,-262.877746582,-263.0874084472,-263.18816528300005
R.Index_D_e_x,-7.0916528344148,-7.466558074950001,-7.680711174014,-9.091097068786,-10.446959114082,-10.90690364836,-9.034607315062,-5.316806316376,-4.259736061096,-3.385967636108,-2.7820381164559995,-3.0495087146759996
R.Index_D_e_y,214.02203979506004,244.8563659668,245.59753723140003,242.5688110354,240.86455993660002,240.22733764639997,238.5567443846,239.01622314440002,237.43460693360004,236.57178649920002,235.91267089860003,234.81266174339999
R.Index_D_e_z,-230.40450592026,-277.0867187498,-277.2299560546,-276.2025390624,-275.7487670896,-275.9327453612,-276.3586853026,-277.80073242180003,-277.8967651366,-277.982281494,-278.1973449708,-278.2653198244
R.Index_D_d_x,0.16372826099394,0.1757342576982,0.1762281268834,0.1611256271602,0.15045934617500004,0.14116362631319998,0.12146131098259998,0.1046244904398,0.098298677802,0.09003941863776001,0.08260003179312,0.08006121069194
R.Index_D_d_y,0.46937507391000005,0.48387038111680003,0.47450251579279995,0.48400978446,0.4667089939118,0.45148770213140005,0.4468921661376,0.4233644545076,0.40827371478080005,0.40651423931139996,0.4073727369308,0.412236315012
R.Index_D_d_z,0.8669044971466,0.857308638096,0.8624271392823999,0.8600727677346001,0.8714799523354,0.8810322523117999,0.8861980676651999,0.8998712658881999,0.9075450062752001,0.9091923356056,0.9095164537429999,0.9075437188146
R.Middle_M_s_x,29.630121612559996,28.785788345340002,28.727145767219998,27.2971611023,25.933234024039997,24.95557250978,24.85308341982,26.157730865479998,26.45701789858,26.538590240500003,26.490527343740002,26.04860725402
R.Middle_M_s_y,251.27846374519999,279.600531006,279.1343566894,278.2886352538,277.0979858396,276.26824951180004,276.05217285159995,275.1411499024,273.18888549800005,272.7620239256,272.2680725098,271.5632202148
R.Middle_M_s_z,-93.77067871098,-139.8538330078,-139.6066833498,-139.13059387200002,-138.72244262700002,-138.5757049562,-138.79495544419999,-139.1657226562,-138.8635070802,-138.8570587156,-138.961517334,-139.0516784666
R.Middle_M_e_x,19.53421821594,18.52301101686,18.795188903800003,17.592876052839998,16.53759574888,16.020944976779997,17.098263168299997,20.10555458068,21.05675201414,21.360528182979998,21.425661468520005,21.05871047976
R.Middle_M_e_y,231.3800567626,259.2559204102,259.46321411120005,258.1267395018,256.2819976806,255.62230224639998,254.7152282714,253.85029907199996,251.9783660888,251.6101776124,251.441467285,250.99535522460002
R.Middle_M_e_z,-153.7055648804,-199.6611206056,-199.6949066162,-199.09234313960002,-198.51060790999998,-198.4933288576,-198.62884521479998,-199.2175598146,-199.0064056394,-199.0401702882,-199.26731567380003,-199.4526916504
R.Middle_M_d_x,0.15774410814060003,0.16035145223140002,0.15518252551560002,0.1516252428292,0.1468027710914,0.1395996928214,0.12116570770719999,0.09456262439496,0.08437681794167999,0.08090497106316,0.07913634330036,0.07796497344969999
R.Middle_M_d_y,0.3109039723874,0.3178757250308,0.3073530852796,0.31502087712300003,0.3252407848832,0.322583991289,0.33338050842300004,0.3326602935788,0.3314051926134,0.3304884195328,0.32540671825399997,0.321363979578
R.Middle_M_d_z,0.9364565849303998,0.9344629526136,0.9388524770736,0.936876308918,0.9341641306877999,0.9361869812011999,0.9348786115646,0.9382838606836001,0.9397067785264002,0.9403350114821999,0.9422520518304,0.9437396287917998
R.Middle_P_s_x,19.53421821594,18.52301101686,18.795188903800003,17.592876052839998,16.53759574888,16.020944976779997,17.098263168299997,20.10555458068,21.05675201414,21.360528182979998,21.425661468520005,21.05871047976
R.Middle_P_s_y,231.3800567626,259.2559204102,259.46321411120005,258.1267395018,256.2819976806,255.62230224639998,254.7152282714,253.85029907199996,251.9783660888,251.6101776124,251.441467285,250.99535522460002
R.Middle_P_s_z,-153.7055648804,-199.6611206056,-199.6949066162,-199.09234313960002,-198.51060790999998,-198.4933288576,-198.62884521479998,-199.2175598146,-199.0064056394,-199.0401702882,-199.26731567380003,-199.4526916504
R.Middle_P_e_x,3.1500427246100013,-2.154585909844,-1.824751901626,-1.0060193240636,0.2683828860523,0.9853821992876,4.014545822144,10.099370956405998,11.84752674102,11.400691604600002,10.68486499786,9.894563484182001
R.Middle_P_e_y,193.7526733399,221.2142333986,220.7413848878,218.68757934580003,217.4398498538,217.2751037596,216.5230499266,217.8470092774,215.9959594726,213.8571807862,212.21025085440002,210.7413146972
R.Middle_P_e_z,-173.67486495959997,-217.57696838399997,-216.18553161640003,-216.2406127928,-219.04992370600002,-220.85145568859997,-222.36448669420002,-227.4742401122,-227.57434692360002,-224.9496307374,-222.5365844728,-220.6972595214
R.Middle_P_d_x,0.349584725499,0.44119222760200005,0.43996213674560003,0.39683958292000004,0.3471317827702,0.32080973386760003,0.2791637569668,0.21349924802780001,0.1964947491884,0.2125103473664,0.2291734635828,0.23820638954640003
R.Middle_P_d_y,0.802845311165,0.8116850614546,0.8261972784996001,0.8415026783940001,0.8287643909454001,0.8182037949562002,0.8148962140084001,0.7681925177576,0.7677468657491999,0.8055255174635999,0.8370658397673999,0.8588895797728
R.Middle_P_d_z,0.42607956677659997,0.38226554393760004,0.3518560409546,0.3658879816532,0.438241827488,0.47704929709439997,0.506440985203,0.6029051780701999,0.6095464229581999,0.5528231739995999,0.4964900851252,0.4532895982266
R.Middle_I_s_x,3.1500427246100013,-2.154585909844,-1.824751901626,-1.0060193240636,0.2683828860523,0.9853821992876,4.014545822144,10.099370956405998,11.84752674102,11.400691604600002,10.68486499786,9.894563484182001
R.Middle_I_s_y,193.7526733399,221.2142333986,220.7413848878,218.68757934580003,217.4398498538,217.2751037596,216.5230499266,217.8470092774,215.9959594726,213.8571807862,212.21025085440002,210.7413146972
R.Middle_I_s_z,-173.67486495959997,-217.57696838399997,-216.18553161640003,-216.2406127928,-219.04992370600002,-220.85145568859997,-222.36448669420002,-227.4742401122,-227.57434692360002,-224.9496307374,-222.5365844728,-220.6972595214
R.Middle_I_e_x,-4.052972221379999,-9.831373596198,-9.13063583374,-7.928316211699999,-6.841813468932,-6.100806808470001,-3.0033555418245994,2.7095009803780004,4.33320379257,3.996740436553999,3.6287877082819997,3.1906171798700003
R.Middle_I_e_y,183.72989044195998,212.7336608886,212.25201110860002,208.94544372560003,205.7043548584,204.71828308100004,203.2719268798,202.3028839112,199.164202881,197.73849792480001,197.55408325180002,197.08557434079998
R.Middle_I_e_z,-149.38588027934,-192.4053314208,-190.9059417724,-191.3150665284,-195.04963989240002,-197.258602905,-199.1428283692,-205.8508819578,-206.9649871824,-203.7441345218,-200.1830871582,-197.6092315674
R.Middle_I_d_x,0.26050631217633996,0.2776408612726,0.2642266511916,0.25035375654680003,0.2571493804454,0.25628110170380003,0.25381139218820004,0.2672641277312,0.27176514267920004,0.2677733957768,0.255192053318,0.24245677590380002
R.Middle_I_d_y,0.362486833334,0.30671076774600003,0.30702908039099996,0.352336841822,0.42442925572400003,0.45413351058959994,0.4792438387872,0.5621732473372001,0.6087420821189999,0.5829528212548001,0.5300590395926,0.4938772797584
R.Middle_I_d_z,-0.8784423828128001,-0.9103645086288001,-0.9142687559128001,-0.9014643549918,-0.8680010795591999,-0.8532657623292002,-0.8398410320282,-0.7820364952086,-0.7453639745712002,-0.7669239521028001,-0.8084428191185999,-0.8350080251695999
R.Middle_D_s_x,-4.052972221379999,-9.831373596198,-9.13063583374,-7.928316211699999,-6.841813468932,-6.100806808470001,-3.0033555418245994,2.7095009803780004,4.33320379257,3.996740436553999,3.6287877082819997,3.1906171798700003
R.Middle_D_s_y,183.72989044195998,212.7336608886,212.25201110860002,208.94544372560003,205.7043548584,204.71828308100004,203.2719268798,202.3028839112,199.164202881,197.73849792480001,197.55408325180002,197.08557434079998
R.Middle_D_s_z,-149.38588027934,-192.4053314208,-190.9059417724,-191.3150665284,-195.04963989240002,-197.258602905,-199.1428283692,-205.8508819578,-206.9649871824,-203.7441345218,-200.1830871582,-197.6092315674
R.Middle_D_e_x,-2.0695678711039998,-7.088488864899999,-6.408192157745999,-5.864097404480001,-5.630095291138,-5.216552925108,-2.62236938103972,1.8632780909536002,2.923221158982,2.8921899318679998,3.164005231858,3.066593694686
R.Middle_D_e_y,190.2920074462,220.26813964840002,219.75954589860004,215.6728698728,211.1205047606,209.6026763918,207.805911255,204.57297058119997,200.092959595,199.74889221200004,201.42496337900002,201.88060607920002
R.Middle_D_e_z,-132.47714691166001,-175.98632202139999,-174.4712158202,-174.460800171,-177.64364929200002,-179.67361450180002,-181.452114868,-187.76331481940002,-188.77132263180002,-185.6234588624,-182.33829345700002,-179.97798461920002
R.Middle_D_d_x,-0.10854673683652001,-0.1501111805438,-0.14899252653120001,-0.11296950280664,-0.06631428152322,-0.0483929902315,-0.020850414037712,0.0463116377592,0.07716479450464,0.06044925823810001,0.025436378456660004,0.006787493359298
R.Middle_D_d_y,-0.3591281890868,-0.41234307289140004,-0.41086857914940006,-0.36817511320100005,-0.29641224145899997,-0.26731055378900004,-0.2481335401536,-0.12423611134293999,-0.050828516483320006,-0.11002380400906,-0.2118435502054,-0.26242002844799994
R.Middle_D_d_z,-0.9253725647924,-0.8985710859298001,-0.8994313955308,-0.9223916292191999,-0.9525859951971999,-0.9623821616172,-0.9681681752206,-0.9898868441581999,-0.9956933975218,-0.9916988015173999,-0.9766007304191999,-0.9649138092991999
R.Ring_M_s_x,39.62079696654,38.59706039428001,38.62340698242,37.444857788099995,36.25710220338,35.36937332152,35.412652587880004,36.86877822876001,37.22781829836,37.312310028080006,37.26390075686,36.8343032837
R.Ring_M_s_y,246.6159210208,274.089666748,273.7865966798,273.459411621,272.6661193848,272.05640258779994,272.2015014648,271.7000793456,269.93026123059997,269.50643920880003,269.01060180679997,268.34957275399995
R.Ring_M_s_z,-94.63113708481998,-140.46786499,-140.29314270000003,-139.9534332276,-139.60735473640003,-139.481161499,-139.59504089339998,-139.82712402340002,-139.48227233919997,-139.4401611328,-139.5399963378,-139.6458251954
R.Ring_M_e_x,38.628572082519995,37.36442184448,37.73934326174,36.92626800538,36.124010467519994,35.70015945434,36.87580032347999,39.9276626587,40.8976486206,41.18018951414,41.231597900379995,40.875340270980004
R.Ring_M_e_y,226.0346923828,252.4539947512,252.87449035639997,252.526144409,251.47048339859998,251.1842132568,251.00432434099997,250.865093994,249.30900878900002,248.9393188476,248.72871704079998,248.3300872802
R.Ring_M_e_z,-148.14533767702,-193.6869354248,-193.8080047604,-193.4648223876,-193.0178924558,-193.01813049339998,-192.9796569822,-193.2916503908,-192.9918304444,-192.956628418,-193.1576354982,-193.35677185080002
R.Ring_M_d_x,0.01726723089814,0.021451032161700002,0.01538494918496,0.009024776611466,0.0023161337128828003,-0.005756516987460001,-0.025462479330599995,-0.0532323427498,-0.06386434584856,-0.06731090843678,-0.06904798746108001,-0.07032428234815999
R.Ring_M_d_y,0.3581655681132,0.376515477896,0.3639236509802001,0.3642919063568,0.36885779500000004,0.36322899460799996,0.3688846170902,0.36258156299600003,0.35886204838760005,0.35792002081859997,0.35295619964619995,0.34838978648200003
R.Ring_M_d_z,0.9312827706338,0.9261466026306,0.9312942266464,0.9312337994573999,0.9294787526132001,0.9316789627074001,0.9290276527404,0.9304182887078,0.9312018990515998,0.9313221693039999,0.9330828428267999,0.9347065806389999
R.Ring_P_s_x,38.628572082519995,37.36442184448,37.73934326174,36.92626800538,36.124010467519994,35.70015945434,36.87580032347999,39.9276626587,40.8976486206,41.18018951414,41.231597900379995,40.875340270980004
R.Ring_P_s_y,226.0346923828,252.4539947512,252.87449035639997,252.526144409,251.47048339859998,251.1842132568,251.00432434099997,250.865093994,249.30900878900002,248.9393188476,248.72871704079998,248.3300872802
R.Ring_P_s_z,-148.14533767702,-193.6869354248,-193.8080047604,-193.4648223876,-193.0178924558,-193.01813049339998,-192.9796569822,-193.2916503908,-192.9918304444,-192.956628418,-193.1576354982,-193.35677185080002
R.Ring_P_e_x,22.85745697022,19.3128818512,20.39781570434,21.799628066999997,22.81153755188,23.226076126120002,25.81568222046,30.427972030620005,31.994943618759997,32.31018753052,32.30030670166,32.03433952332
R.Ring_P_e_y,188.4200653076,215.89841308599998,216.32357482920003,215.464605713,214.11874389659997,213.7157684326,212.9740020754,212.3883514404,210.60615539539998,210.21665954600002,210.034603882,209.6335510252
R.Ring_P_e_z,-160.92376594564,-208.6916015626,-209.6365264894,-210.326257324,-210.7625427246,-211.12442932119998,-210.81752319339998,-211.08514404299999,-210.6047058106,-210.54258728,-210.7752166748,-211.01458129879998
R.Ring_P_d_x,0.3630208775402,0.4155119240282,0.39916878342620005,0.34818632006640005,0.30642766356480006,0.2871295511722,0.2545827418564,0.2186646670102,0.20492326021199997,0.20417048037059998,0.20558125972740005,0.203502908349
R.Ring_P_d_y,0.8658167362211999,0.8414395809172002,0.8413321495058002,0.853085756302,0.8597656011582,0.862451970577,0.8753852009773999,0.8856608510018,0.8908657550812,0.8913215637206001,0.8906645655632002,0.890720152855
R.Ring_P_d_z,0.29413495361806,0.3453787207604,0.3643422842028,0.3881179869176,0.40844790339479997,0.4167723834514,0.41059352159499996,0.40957210659999993,0.4054147422316,0.404795128107,0.4055230677128,0.4064489603042
R.Ring_I_s_x,22.85745697022,19.3128818512,20.39781570434,21.799628066999997,22.81153755188,23.226076126120002,25.81568222046,30.427972030620005,31.994943618759997,32.31018753052,32.30030670166,32.03433952332
R.Ring_I_s_y,188.4200653076,215.89841308599998,216.32357482920003,215.464605713,214.11874389659997,213.7157684326,212.9740020754,212.3883514404,210.60615539539998,210.21665954600002,210.034603882,209.6335510252
R.Ring_I_s_z,-160.92376594564,-208.6916015626,-209.6365264894,-210.326257324,-210.7625427246,-211.12442932119998,-210.81752319339998,-211.08514404299999,-210.6047058106,-210.54258728,-210.7752166748,-211.01458129879998
R.Ring_I_e_x,12.638522148132001,7.793477630615999,8.882305908204,10.746507263169999,11.83836841582,12.369065475460001,15.195349884,19.9359195709,21.628406524680003,21.902811813339998,21.89489707946,21.69858589174
R.Ring_I_e_y,181.88454742419998,208.89125671379998,208.58092346199996,206.4245758056,203.33083496080002,202.2331817626,201.2274139404,200.09346008300002,198.202005005,197.984994507,197.9862121582,197.56958312999998
R.Ring_I_e_z,-137.11621017459998,-185.3739196778,-186.55131835959997,-187.49403076160002,-188.6582855224,-189.3113830566,-189.029663086,-189.5378387452,-189.0590759278,-188.918218994,-189.0471557616,-189.26194152800002
R.Ring_I_d_x,0.37937872707840004,0.4276587843895999,0.4275142908098,0.4103480935096,0.40737972855540006,0.40306745767599994,0.394280654192,0.38951826691619995,0.3848584651948,0.38637461662300004,0.38630163073539997,0.38371565938019997
R.Ring_I_d_y,0.24263159036640003,0.26014122366919995,0.2874465942384,0.3356119155884,0.400501936674,0.4262920141218,0.4360929965974,0.4564488112926,0.4605050086976,0.45410150289519996,0.4472974658012,0.4478757441042
R.Ring_I_d_z,-0.8838572978974,-0.8656707406044,-0.8570403337478,-0.8476484537126,-0.820622229576,-0.8098112106323999,-0.8088759899138,-0.7999454140664,-0.7998831152915999,-0.8028063178061998,-0.8066559433936,-0.8075684547422
R.Ring_D_s_x,12.638522148132001,7.793477630615999,8.882305908204,10.746507263169999,11.83836841582,12.369065475460001,15.195349884,19.9359195709,21.628406524680003,21.902811813339998,21.89489707946,21.69858589174
R.Ring_D_s_y,181.88454742419998,208.89125671379998,208.58092346199996,206.4245758056,203.33083496080002,202.2331817626,201.2274139404,200.09346008300002,198.202005005,197.984994507,197.9862121582,197.56958312999998
R.Ring_D_s_z,-137.11621017459998,-185.3739196778,-186.55131835959997,-187.49403076160002,-188.6582855224,-189.3113830566,-189.029663086,-189.5378387452,-189.0590759278,-188.918218994,-189.0471557616,-189.26194152800002
R.Ring_D_e_x,12.149433517448,7.419190502166001,8.286895370484,9.502415084842,9.712731742858,9.920203971846,12.3879234314,16.63440437318,18.189148712159998,18.47653045654,18.542279434199997,18.38396453858
R.Ring_D_e_y,189.64707489,216.47618408199997,215.79180908200001,212.7866485596,208.3432403566,206.6845916748,205.54156494139997,204.0277038576,202.06165161120003,202.01930542,202.19640502919998,201.8182373048
R.Ring_D_e_z,-120.71107025142001,-168.870361328,-169.8875030518,-170.529699707,-171.3295196534,-171.8690490722,-171.60946350100002,-172.1118560792,-171.6428924562,-171.53910522459995,-171.6953247074,-171.9122161866
R.Ring_D_d_x,0.02692131102084,0.020602200925340004,0.0327736735344,0.06847958341242001,0.11700317859640001,0.13479470908639998,0.154531466961,0.18172803223140002,0.1893099039794,0.1885957092048,0.18454094827179998,0.1824494481086
R.Ring_D_d_y,-0.427279216051,-0.4175035297872,-0.3969147264958,-0.3501927673816,-0.275901979208,-0.2450226426126,-0.23746732473360002,-0.21655583381659999,-0.21244971156120002,-0.2220639914274,-0.23174517750740004,-0.23386218845839996
R.Ring_D_d_z,-0.903001654148,-0.9084192395212,-0.9172401428222001,-0.9337815642356,-0.9538416028022001,-0.9600928425790001,-0.9588742375376,-0.9591927766798,-0.9586533546448,-0.9566132903097999,-0.9551113843919999,-0.9549952864644002
R.Pinky_M_s_x,47.76518630982,46.08103027342,46.262779998780005,45.63487243652,44.8454437256,44.14532775878,44.4731666565,46.205672454820004,46.6875190735,46.760924530020006,46.70131378174001,46.30351791380001
R.Pinky_M_s_y,237.28309326159996,264.037890625,263.8032592776,263.8854064942,263.43597412099996,262.985736084,263.4662658692,263.29700927700003,261.6744995116,261.2492614742,260.7298217774,260.08840942399996
R.Pinky_M_s_z,-91.28205261221999,-136.8063049316,-136.768408203,-136.53821716320002,-136.21658630359997,-136.1408325196,-136.12785034179998,-136.2686279298,-135.9024383544,-135.83442382820002,-135.95920410180003,-136.1037994386
R.Pinky_M_e_x,54.459403228759996,52.644430541999995,53.158219146739995,52.894802856439995,52.468284606939996,52.192638397219994,53.54806213377999,56.72145767212,57.74981002807999,58.003556060799994,58.03518600464,57.70152816774
R.Pinky_M_e_y,218.1335723878,243.339465332,243.88541564940002,244.347024536,243.9613555908,243.9676055908,244.4212097168,244.8780609132,243.58034973140002,243.20619812019999,242.94298400899999,242.5700103758
R.Pinky_M_e_z,-140.23701553328002,-185.3642547606,-185.60639953620003,-185.4770446778,-185.1254241944,-185.16130371059998,-184.9529693604,-185.049371338,-184.6845611572,-184.5942596436,-184.79169921879998,-185.0185882568
R.Pinky_M_d_x,-0.1258481547234,-0.123388874531,-0.1296310424804,-0.1364833176136,-0.1433058559892,-0.15128570795079999,-0.1706038177014,-0.19769186079499998,-0.2079659074546,-0.2113562524316,-0.2130715072154,-0.2142772942782
R.Pinky_M_d_y,0.3600020587444,0.3891207754612,0.3744461774826,0.367312479019,0.36611376404760004,0.35753202438360004,0.3580382108686,0.3462676405908,0.3401615679264,0.3392012178898,0.3343842506408,0.32933775186540004
R.Pinky_M_d_z,0.9203304648398,0.9128668904304,0.91813147068,0.9200271725656,0.9194633722304,0.9215621113777999,0.9178895473480001,0.9170552492140001,0.9170811414717999,0.9166622638704001,0.9180281162261998,0.9195752978324
R.Pinky_P_s_x,54.459403228759996,52.644430541999995,53.158219146739995,52.894802856439995,52.468284606939996,52.192638397219994,53.54806213377999,56.72145767212,57.74981002807999,58.003556060799994,58.03518600464,57.70152816774
R.Pinky_P_s_y,218.1335723878,243.339465332,243.88541564940002,244.347024536,243.9613555908,243.9676055908,244.4212097168,244.8780609132,243.58034973140002,243.20619812019999,242.94298400899999,242.5700103758
R.Pinky_P_s_z,-140.23701553328002,-185.3642547606,-185.60639953620003,-185.4770446778,-185.1254241944,-185.16130371059998,-184.9529693604,-185.049371338,-184.6845611572,-184.5942596436,-184.79169921879998,-185.0185882568
R.Pinky_P_e_x,62.38304138182,64.48661041257999,65.15713806152,65.42575836179999,66.06499633788,66.05084075926,68.42300262452001,73.0036026001,74.20673828125999,74.25074157714,73.95648498535999,73.32014160156001
R.Pinky_P_e_y,200.19765014644003,228.76175231940002,229.31838989279998,229.7398132324,229.950491333,230.18759460459995,231.2683349606,232.9196777344,231.3998962402,230.29466857920002,229.5346801758,228.7536376954
R.Pinky_P_e_z,-164.63018493672,-214.1623016356,-214.3450469972,-213.96419372539998,-213.42477111839997,-213.448086548,-213.00546264680003,-212.8687683104,-212.3039154054,-212.0052337646,-212.15589294420002,-212.35401611339998
R.Pinky_P_d_x,-0.23046277463439999,-0.3444353759288,-0.3489942073822,-0.36446869969379997,-0.3954667150974,-0.40307226181020006,-0.43264462947840004,-0.4735738039016001,-0.47865749001499996,-0.47255699038500004,-0.46307845115659996,-0.45427467823019996
R.Pinky_P_d_y,0.5216747403144,0.4239996552466,0.4236888170242,0.42485757470139995,0.407512527704,0.400798022747,0.382557541132,0.3478151738642,0.3542742073536,0.375537878275,0.389986807108,0.40185565352440006
R.Pinky_P_d_z,0.7094868510962,0.8376047730445999,0.8358771085738,0.8285620570182001,0.823099720478,0.8227342128754002,0.8159199476244,0.8091401696206001,0.8033218860626,0.7972610116004001,0.7959004163742001,0.795063686371
R.Pinky_I_s_x,62.38304138182,64.48661041257999,65.15713806152,65.42575836179999,66.06499633788,66.05084075926,68.42300262452001,73.0036026001,74.20673828125999,74.25074157714,73.95648498535999,73.32014160156001
R.Pinky_I_s_y,200.19765014644003,228.76175231940002,229.31838989279998,229.7398132324,229.950491333,230.18759460459995,231.2683349606,232.9196777344,231.3998962402,230.29466857920002,229.5346801758,228.7536376954
R.Pinky_I_s_z,-164.63018493672,-214.1623016356,-214.3450469972,-213.96419372539998,-213.42477111839997,-213.448086548,-213.00546264680003,-212.8687683104,-212.3039154054,-212.0052337646,-212.15589294420002,-212.35401611339998
R.Pinky_I_e_x,62.811680603,66.43110504149999,67.19822998048001,67.82685546878,69.45309295653999,69.84875488280001,73.01159515380002,78.71615295410001,80.16953582763999,80.00594482422,79.42772521972,78.5457092285
R.Pinky_I_e_y,189.8696624758,216.3535552978,216.8520050048,216.9396392822,217.4134460452,217.880142212,219.196975708,221.47553710939997,219.97012329119997,218.4910980224,217.45781860339997,216.4376953126
R.Pinky_I_e_z,-172.80327758806,-228.44285278319998,-228.5613098144,-227.8198028566,-227.3160339354,-227.44018859860003,-226.95510253899997,-226.9412658692,-226.28498840339998,-225.76089172359997,-225.7900573732,-225.8700256346
R.Pinky_I_d_x,-0.0225386783482,-0.102245217562,-0.10732447653999999,-0.1262542515994,-0.1781525880098,-0.19970158040519997,-0.24127690196040003,-0.300376802683,-0.3135352194308,-0.3026195526124,-0.2876882791522,-0.2747703135012
R.Pinky_I_d_y,0.5430653363466,0.6524465441703999,0.6555061340330001,0.6730574846268,0.6592218160628,0.6471493601799999,0.6347349882125999,0.6017547369003999,0.6009991765023999,0.6206542253496,0.6350244879724001,0.6475957512855999
R.Pinky_I_d_z,0.42975685596480007,0.7508984804154,0.7475180149076,0.7285542607305999,0.730429148674,0.735731470585,0.7334985494614,0.7399587631226,0.735151362419,0.723298704624,0.7169104337691999,0.7106975674630001
R.Pinky_D_s_x,62.811680603,66.43110504149999,67.19822998048001,67.82685546878,69.45309295653999,69.84875488280001,73.01159515380002,78.71615295410001,80.16953582763999,80.00594482422,79.42772521972,78.5457092285
R.Pinky_D_s_y,189.8696624758,216.3535552978,216.8520050048,216.9396392822,217.4134460452,217.880142212,219.196975708,221.47553710939997,219.97012329119997,218.4910980224,217.45781860339997,216.4376953126
R.Pinky_D_s_z,-172.80327758806,-228.44285278319998,-228.5613098144,-227.8198028566,-227.3160339354,-227.44018859860003,-226.95510253899997,-226.9412658692,-226.28498840339998,-225.76089172359997,-225.7900573732,-225.8700256346
R.Pinky_D_e_x,61.952494812,65.46897277832,66.26830749512001,67.42229919434001,70.1624847412,71.12880401612,74.99631195068,81.58655548093999,83.30401916503999,83.01646728514,82.26000671386001,81.23368988036
R.Pinky_D_e_y,181.66409759514,203.6578796388,204.05252990719998,203.85675354,204.5158966064,205.23845214839997,206.6209594728,209.1470489502,207.65143432620002,205.9819396972,204.841244507,203.7190185548
R.Pinky_D_e_z,-179.0514221193,-239.34190368639997,-239.34129028319998,-238.28222045899997,-237.99163513199997,-238.368914795,-237.8480957032,-237.92508850079997,-237.2083587646,-236.50125122059998,-236.4531646728,-236.44871826180002
R.Pinky_D_d_x,0.05126358103006,0.05740589797496,0.055484104156479995,0.024137976393105998,-0.042326065152879996,-0.07637449502942,-0.11841873824596001,-0.171263408661,-0.18701988756640003,-0.17962372303019997,-0.1689889013766,-0.1603792011738
R.Pinky_D_d_y,0.4895874023435999,0.7574911355974001,0.7636845350264,0.7805943250656,0.7695360064505999,0.7542700290680001,0.7503518342972,0.7355828762052,0.7349982857701999,0.7463626623153999,0.7527715682981999,0.7588638067244
R.Pinky_D_d_z,0.3727973103524,0.6502949953078,0.6431907653810001,0.6242432951928,0.6369628310204,0.6520655632016,0.649933755398,0.6553530097010001,0.6517461776733999,0.6408267498018,0.6362174153328,0.6311809778212
R.Thumb.TTP,89.25484466552,92.71981506348001,92.83430633544,93.10483551028001,93.31237640382001,93.39757995608,93.47166137694,93.56697540282,93.59418945314,93.63275604248,93.67698974612001,93.71303710938
R.Index.TTP,103.0431381222,102.91021423320001,102.8601867676,102.77380676279999,102.71226043699998,102.70367279039999,102.70827941920001,102.7490493774,102.7791824342,102.80380096399999,102.833326721,102.85376434319998
R.Middle.TTP,53.033435058600006,52.91039352416,52.43915023804,52.197944641099994,52.34315338134,52.49704360962001,52.700427246100006,53.48849411008,54.459689331039996,55.2923362732,55.65044021606,55.548310852040004
R.Ring.TTP,49.88689422608,51.56626663208,51.3892112732,50.96588668826,50.64539184572,50.6304664612,50.63621368409999,50.6581550598,50.67763900758,50.68684005738,50.68423385618,50.6776512146
R.Pinky.TTP,81.83344039917999,92.6684951782,92.57633972168,92.42972106933999,92.37974090578,92.38576049804001,92.42226562500001,92.48376617433999,92.53827362057999,92.59834136964,92.62552490234,92.62617797850001
L.Thumb.TTP,0.0,0.0,0.0,0.0,0.0,0.0,0.0,0.0,0.0,0.0,0.0,0.0
L.Index.TTP,0.0,0.0,0.0,0.0,0.0,0.0,0.0,0.0,0.0,0.0,0.0,0.0
L.Middle.TTP,0.0,0.0,0.0,0.0,0.0,0.0,0.0,0.0,0.0,0.0,0.0,0.0
L.Ring.TTP,0.0,0.0,0.0,0.0,0.0,0.0,0.0,0.0,0.0,0.0,0.0,0.0
L.Pinky.TTP,0.0,0.0,0.0,0.0,0.0,0.0,0.0,0.0,0.0,0.0,0.0,0.0
R.Thumb.TNA,78.70031769868,76.11884767084,75.3194960819,76.78641635139999,79.44378640242,80.54274586355999,82.63368667312,84.7727719386,85.49965126498,85.02739113606,84.3886235717,84.07848230594
R.Index.TNA,93.39592973138,95.48969694003999,94.18063270057999,93.96670790994001,94.71885262022,94.33058902716,94.98932042700001,95.5038125348,95.60324492726,95.23403082681999,94.46421428852,93.66401805999999
R.Middle.TNA,41.19007564654,42.54486317846,44.22158959564,41.43288902416,36.25603496648,35.13335999408,33.16780852664,28.53167072224,25.693961237640004,27.83713849486,32.39279772826,35.578914888359996
R.Ring.TNA,42.402438904819995,37.35304068608,37.5456636119,35.72408629070001,31.932685101879997,31.564353226100003,31.55240594962,32.39310182582,33.172123295480006,33.761683087440005,34.81677390968,35.44126323834
R.Pinky.TNA,87.5983428044,88.51510339482002,86.39775871470002,83.5826105373,84.43982950441999,84.00159960338,84.23286547324,84.49451513352,83.42301602576,81.80761549884,80.10538793676,78.40364556406
L.Thumb.TNA,0.0,0.0,0.0,0.0,0.0,0.0,0.0,0.0,0.0,0.0,0.0,0.0
L.Index.TNA,0.0,0.0,0.0,0.0,0.0,0.0,0.0,0.0,0.0,0.0,0.0,0.0
L.Middle.TNA,0.0,0.0,0.0,0.0,0.0,0.0,0.0,0.0,0.0,0.0,0.0,0.0
L.Ring.TNA,0.0,0.0,0.0,0.0,0.0,0.0,0.0,0.0,0.0,0.0,0.0,0.0
L.Pinky.TNA,0.0,0.0,0.0,0.0,0.0,0.0,0.0,0.0,0.0,0.0,0.0,0.0
R.Thumb_Index.ang,43.37689124856,50.101301320779996,50.76685885714,52.30274094138001,52.15932100441999,51.87175744658,51.456278828280006,50.626859163759995,50.34968480942,50.81271745596,51.17152458544,51.32286404348
R.Index_Middle.ang,132.28909893419998,136.3070904072,137.05064931520002,134.50143959899998,130.4041230754,129.0605721202,127.971118271,124.00552452000002,121.29353990979999,123.067703976,126.8541986014,129.24264798520002
R.Middle_Ring.ang,10.24734468977,9.405887202852,9.999413759848,9.736456992522,9.144572391634,8.928617664202,8.662278238376,9.445651378600001,11.15378714672,10.286437800734001,8.956221011794,8.676482328946
R.Ring_Pinky.ang,100.57420049139999,121.6652551274,119.9373439618,116.38580674560001,114.13914337279998,113.6617197354,114.372635647,115.79725423459999,115.6500190684,114.6254821946,113.97366098540002,112.97032210460002
L.Thumb_Index.ang,0.0,0.0,0.0,0.0,0.0,0.0,0.0,0.0,0.0,0.0,0.0,0.0
L.Index_Middle.ang,0.0,0.0,0.0,0.0,0.0,0.0,0.0,0.0,0.0,0.0,0.0,0.0
L.Middle_Ring.ang,0.0,0.0,0.0,0.0,0.0,0.0,0.0,0.0,0.0,0.0,0.0,0.0
L.Ring_Pinky.ang,0.0,0.0,0.0,0.0,0.0,0.0,0.0,0.0,0.0,0.0,0.0,0.0
R.sphere_center_x,-2.0554355621419997,-9.022954940796001,-9.294717025756,-9.237306785584,-8.405306816098001,-8.240124320982,-5.458312129976,-0.7375302299858,0.2658129006624,-0.043030324671458,-0.36733741760239996,-1.0925524115572
R.sphere_center_y,194.19772949238,223.3973907472,223.14971618659996,219.84598693860002,217.34988403339997,215.9633026122,214.7088409424,214.58713073719997,212.20939941419996,210.85935668940002,209.9287048342,208.7756225584
R.sphere_center_z,-149.51361312874,-195.804534912,-196.00131835940002,-194.8409057618,-194.6838409424,-195.00713806139998,-195.4812683106,-197.82351379380003,-197.6791107178,-196.9800476074,-196.709844971,-196.468737793
L.sphere_center_x,0.0,0.0,0.0,0.0,0.0,0.0,0.0,0.0,0.0,0.0,0.0,0.0
L.sphere_center_y,0.0,0.0,0.0,0.0,0.0,0.0,0.0,0.0,0.0,0.0,0.0,0.0
L.sphere_center_z,0.0,0.0,0.0,0.0,0.0,0.0,0.0,0.0,0.0,0.0,0.0,0.0
